DateKey;Date;DayDate;WeekNumberOfYear;Month;MonthNumber;CalendarQuarter;Year
20170101;2017-01-01;1;1;January;1;1;2017
20170102;2017-01-02;2;1;January;1;1;2017
20170103;2017-01-03;3;1;January;1;1;2017
20170104;2017-01-04;4;1;January;1;1;2017
20170105;2017-01-05;5;1;January;1;1;2017
20170106;2017-01-06;6;1;January;1;1;2017
20170107;2017-01-07;7;1;January;1;1;2017
20170108;2017-01-08;8;2;January;1;1;2017
20170109;2017-01-09;9;2;January;1;1;2017
20170110;2017-01-10;10;2;January;1;1;2017
20170111;2017-01-11;11;2;January;1;1;2017
20170112;2017-01-12;12;2;January;1;1;2017
20170113;2017-01-13;13;2;January;1;1;2017
20170114;2017-01-14;14;2;January;1;1;2017
20170115;2017-01-15;15;3;January;1;1;2017
20170116;2017-01-16;16;3;January;1;1;2017
20170117;2017-01-17;17;3;January;1;1;2017
20170118;2017-01-18;18;3;January;1;1;2017
20170119;2017-01-19;19;3;January;1;1;2017
20170120;2017-01-20;20;3;January;1;1;2017
20170121;2017-01-21;21;3;January;1;1;2017
20170122;2017-01-22;22;4;January;1;1;2017
20170123;2017-01-23;23;4;January;1;1;2017
20170124;2017-01-24;24;4;January;1;1;2017
20170125;2017-01-25;25;4;January;1;1;2017
20170126;2017-01-26;26;4;January;1;1;2017
20170127;2017-01-27;27;4;January;1;1;2017
20170128;2017-01-28;28;4;January;1;1;2017
20170129;2017-01-29;29;5;January;1;1;2017
20170130;2017-01-30;30;5;January;1;1;2017
20170131;2017-01-31;31;5;January;1;1;2017
20170201;2017-02-01;1;5;February;2;1;2017
20170202;2017-02-02;2;5;February;2;1;2017
20170203;2017-02-03;3;5;February;2;1;2017
20170204;2017-02-04;4;5;February;2;1;2017
20170205;2017-02-05;5;6;February;2;1;2017
20170206;2017-02-06;6;6;February;2;1;2017
20170207;2017-02-07;7;6;February;2;1;2017
20170208;2017-02-08;8;6;February;2;1;2017
20170209;2017-02-09;9;6;February;2;1;2017
20170210;2017-02-10;10;6;February;2;1;2017
20170211;2017-02-11;11;6;February;2;1;2017
20170212;2017-02-12;12;7;February;2;1;2017
20170213;2017-02-13;13;7;February;2;1;2017
20170214;2017-02-14;14;7;February;2;1;2017
20170215;2017-02-15;15;7;February;2;1;2017
20170216;2017-02-16;16;7;February;2;1;2017
20170217;2017-02-17;17;7;February;2;1;2017
20170218;2017-02-18;18;7;February;2;1;2017
20170219;2017-02-19;19;8;February;2;1;2017
20170220;2017-02-20;20;8;February;2;1;2017
20170221;2017-02-21;21;8;February;2;1;2017
20170222;2017-02-22;22;8;February;2;1;2017
20170223;2017-02-23;23;8;February;2;1;2017
20170224;2017-02-24;24;8;February;2;1;2017
20170225;2017-02-25;25;8;February;2;1;2017
20170226;2017-02-26;26;9;February;2;1;2017
20170227;2017-02-27;27;9;February;2;1;2017
20170228;2017-02-28;28;9;February;2;1;2017
20170301;2017-03-01;1;9;March;3;1;2017
20170302;2017-03-02;2;9;March;3;1;2017
20170303;2017-03-03;3;9;March;3;1;2017
20170304;2017-03-04;4;9;March;3;1;2017
20170305;2017-03-05;5;10;March;3;1;2017
20170306;2017-03-06;6;10;March;3;1;2017
20170307;2017-03-07;7;10;March;3;1;2017
20170308;2017-03-08;8;10;March;3;1;2017
20170309;2017-03-09;9;10;March;3;1;2017
20170310;2017-03-10;10;10;March;3;1;2017
20170311;2017-03-11;11;10;March;3;1;2017
20170312;2017-03-12;12;11;March;3;1;2017
20170313;2017-03-13;13;11;March;3;1;2017
20170314;2017-03-14;14;11;March;3;1;2017
20170315;2017-03-15;15;11;March;3;1;2017
20170316;2017-03-16;16;11;March;3;1;2017
20170317;2017-03-17;17;11;March;3;1;2017
20170318;2017-03-18;18;11;March;3;1;2017
20170319;2017-03-19;19;12;March;3;1;2017
20170320;2017-03-20;20;12;March;3;1;2017
20170321;2017-03-21;21;12;March;3;1;2017
20170322;2017-03-22;22;12;March;3;1;2017
20170323;2017-03-23;23;12;March;3;1;2017
20170324;2017-03-24;24;12;March;3;1;2017
20170325;2017-03-25;25;12;March;3;1;2017
20170326;2017-03-26;26;13;March;3;1;2017
20170327;2017-03-27;27;13;March;3;1;2017
20170328;2017-03-28;28;13;March;3;1;2017
20170329;2017-03-29;29;13;March;3;1;2017
20170330;2017-03-30;30;13;March;3;1;2017
20170331;2017-03-31;31;13;March;3;1;2017
20170401;2017-04-01;1;13;April;4;2;2017
20170402;2017-04-02;2;14;April;4;2;2017
20170403;2017-04-03;3;14;April;4;2;2017
20170404;2017-04-04;4;14;April;4;2;2017
20170405;2017-04-05;5;14;April;4;2;2017
20170406;2017-04-06;6;14;April;4;2;2017
20170407;2017-04-07;7;14;April;4;2;2017
20170408;2017-04-08;8;14;April;4;2;2017
20170409;2017-04-09;9;15;April;4;2;2017
20170410;2017-04-10;10;15;April;4;2;2017
20170411;2017-04-11;11;15;April;4;2;2017
20170412;2017-04-12;12;15;April;4;2;2017
20170413;2017-04-13;13;15;April;4;2;2017
20170414;2017-04-14;14;15;April;4;2;2017
20170415;2017-04-15;15;15;April;4;2;2017
20170416;2017-04-16;16;16;April;4;2;2017
20170417;2017-04-17;17;16;April;4;2;2017
20170418;2017-04-18;18;16;April;4;2;2017
20170419;2017-04-19;19;16;April;4;2;2017
20170420;2017-04-20;20;16;April;4;2;2017
20170421;2017-04-21;21;16;April;4;2;2017
20170422;2017-04-22;22;16;April;4;2;2017
20170423;2017-04-23;23;17;April;4;2;2017
20170424;2017-04-24;24;17;April;4;2;2017
20170425;2017-04-25;25;17;April;4;2;2017
20170426;2017-04-26;26;17;April;4;2;2017
20170427;2017-04-27;27;17;April;4;2;2017
20170428;2017-04-28;28;17;April;4;2;2017
20170429;2017-04-29;29;17;April;4;2;2017
20170430;2017-04-30;30;18;April;4;2;2017
20170501;2017-05-01;1;18;May;5;2;2017
20170502;2017-05-02;2;18;May;5;2;2017
20170503;2017-05-03;3;18;May;5;2;2017
20170504;2017-05-04;4;18;May;5;2;2017
20170505;2017-05-05;5;18;May;5;2;2017
20170506;2017-05-06;6;18;May;5;2;2017
20170507;2017-05-07;7;19;May;5;2;2017
20170508;2017-05-08;8;19;May;5;2;2017
20170509;2017-05-09;9;19;May;5;2;2017
20170510;2017-05-10;10;19;May;5;2;2017
20170511;2017-05-11;11;19;May;5;2;2017
20170512;2017-05-12;12;19;May;5;2;2017
20170513;2017-05-13;13;19;May;5;2;2017
20170514;2017-05-14;14;20;May;5;2;2017
20170515;2017-05-15;15;20;May;5;2;2017
20170516;2017-05-16;16;20;May;5;2;2017
20170517;2017-05-17;17;20;May;5;2;2017
20170518;2017-05-18;18;20;May;5;2;2017
20170519;2017-05-19;19;20;May;5;2;2017
20170520;2017-05-20;20;20;May;5;2;2017
20170521;2017-05-21;21;21;May;5;2;2017
20170522;2017-05-22;22;21;May;5;2;2017
20170523;2017-05-23;23;21;May;5;2;2017
20170524;2017-05-24;24;21;May;5;2;2017
20170525;2017-05-25;25;21;May;5;2;2017
20170526;2017-05-26;26;21;May;5;2;2017
20170527;2017-05-27;27;21;May;5;2;2017
20170528;2017-05-28;28;22;May;5;2;2017
20170529;2017-05-29;29;22;May;5;2;2017
20170530;2017-05-30;30;22;May;5;2;2017
20170531;2017-05-31;31;22;May;5;2;2017
20170601;2017-06-01;1;22;June;6;2;2017
20170602;2017-06-02;2;22;June;6;2;2017
20170603;2017-06-03;3;22;June;6;2;2017
20170604;2017-06-04;4;23;June;6;2;2017
20170605;2017-06-05;5;23;June;6;2;2017
20170606;2017-06-06;6;23;June;6;2;2017
20170607;2017-06-07;7;23;June;6;2;2017
20170608;2017-06-08;8;23;June;6;2;2017
20170609;2017-06-09;9;23;June;6;2;2017
20170610;2017-06-10;10;23;June;6;2;2017
20170611;2017-06-11;11;24;June;6;2;2017
20170612;2017-06-12;12;24;June;6;2;2017
20170613;2017-06-13;13;24;June;6;2;2017
20170614;2017-06-14;14;24;June;6;2;2017
20170615;2017-06-15;15;24;June;6;2;2017
20170616;2017-06-16;16;24;June;6;2;2017
20170617;2017-06-17;17;24;June;6;2;2017
20170618;2017-06-18;18;25;June;6;2;2017
20170619;2017-06-19;19;25;June;6;2;2017
20170620;2017-06-20;20;25;June;6;2;2017
20170621;2017-06-21;21;25;June;6;2;2017
20170622;2017-06-22;22;25;June;6;2;2017
20170623;2017-06-23;23;25;June;6;2;2017
20170624;2017-06-24;24;25;June;6;2;2017
20170625;2017-06-25;25;26;June;6;2;2017
20170626;2017-06-26;26;26;June;6;2;2017
20170627;2017-06-27;27;26;June;6;2;2017
20170628;2017-06-28;28;26;June;6;2;2017
20170629;2017-06-29;29;26;June;6;2;2017
20170630;2017-06-30;30;26;June;6;2;2017
20170701;2017-07-01;1;26;July;7;3;2017
20170702;2017-07-02;2;27;July;7;3;2017
20170703;2017-07-03;3;27;July;7;3;2017
20170704;2017-07-04;4;27;July;7;3;2017
20170705;2017-07-05;5;27;July;7;3;2017
20170706;2017-07-06;6;27;July;7;3;2017
20170707;2017-07-07;7;27;July;7;3;2017
20170708;2017-07-08;8;27;July;7;3;2017
20170709;2017-07-09;9;28;July;7;3;2017
20170710;2017-07-10;10;28;July;7;3;2017
20170711;2017-07-11;11;28;July;7;3;2017
20170712;2017-07-12;12;28;July;7;3;2017
20170713;2017-07-13;13;28;July;7;3;2017
20170714;2017-07-14;14;28;July;7;3;2017
20170715;2017-07-15;15;28;July;7;3;2017
20170716;2017-07-16;16;29;July;7;3;2017
20170717;2017-07-17;17;29;July;7;3;2017
20170718;2017-07-18;18;29;July;7;3;2017
20170719;2017-07-19;19;29;July;7;3;2017
20170720;2017-07-20;20;29;July;7;3;2017
20170721;2017-07-21;21;29;July;7;3;2017
20170722;2017-07-22;22;29;July;7;3;2017
20170723;2017-07-23;23;30;July;7;3;2017
20170724;2017-07-24;24;30;July;7;3;2017
20170725;2017-07-25;25;30;July;7;3;2017
20170726;2017-07-26;26;30;July;7;3;2017
20170727;2017-07-27;27;30;July;7;3;2017
20170728;2017-07-28;28;30;July;7;3;2017
20170729;2017-07-29;29;30;July;7;3;2017
20170730;2017-07-30;30;31;July;7;3;2017
20170731;2017-07-31;31;31;July;7;3;2017
20170801;2017-08-01;1;31;August;8;3;2017
20170802;2017-08-02;2;31;August;8;3;2017
20170803;2017-08-03;3;31;August;8;3;2017
20170804;2017-08-04;4;31;August;8;3;2017
20170805;2017-08-05;5;31;August;8;3;2017
20170806;2017-08-06;6;32;August;8;3;2017
20170807;2017-08-07;7;32;August;8;3;2017
20170808;2017-08-08;8;32;August;8;3;2017
20170809;2017-08-09;9;32;August;8;3;2017
20170810;2017-08-10;10;32;August;8;3;2017
20170811;2017-08-11;11;32;August;8;3;2017
20170812;2017-08-12;12;32;August;8;3;2017
20170813;2017-08-13;13;33;August;8;3;2017
20170814;2017-08-14;14;33;August;8;3;2017
20170815;2017-08-15;15;33;August;8;3;2017
20170816;2017-08-16;16;33;August;8;3;2017
20170817;2017-08-17;17;33;August;8;3;2017
20170818;2017-08-18;18;33;August;8;3;2017
20170819;2017-08-19;19;33;August;8;3;2017
20170820;2017-08-20;20;34;August;8;3;2017
20170821;2017-08-21;21;34;August;8;3;2017
20170822;2017-08-22;22;34;August;8;3;2017
20170823;2017-08-23;23;34;August;8;3;2017
20170824;2017-08-24;24;34;August;8;3;2017
20170825;2017-08-25;25;34;August;8;3;2017
20170826;2017-08-26;26;34;August;8;3;2017
20170827;2017-08-27;27;35;August;8;3;2017
20170828;2017-08-28;28;35;August;8;3;2017
20170829;2017-08-29;29;35;August;8;3;2017
20170830;2017-08-30;30;35;August;8;3;2017
20170831;2017-08-31;31;35;August;8;3;2017
20170901;2017-09-01;1;35;September;9;3;2017
20170902;2017-09-02;2;35;September;9;3;2017
20170903;2017-09-03;3;36;September;9;3;2017
20170904;2017-09-04;4;36;September;9;3;2017
20170905;2017-09-05;5;36;September;9;3;2017
20170906;2017-09-06;6;36;September;9;3;2017
20170907;2017-09-07;7;36;September;9;3;2017
20170908;2017-09-08;8;36;September;9;3;2017
20170909;2017-09-09;9;36;September;9;3;2017
20170910;2017-09-10;10;37;September;9;3;2017
20170911;2017-09-11;11;37;September;9;3;2017
20170912;2017-09-12;12;37;September;9;3;2017
20170913;2017-09-13;13;37;September;9;3;2017
20170914;2017-09-14;14;37;September;9;3;2017
20170915;2017-09-15;15;37;September;9;3;2017
20170916;2017-09-16;16;37;September;9;3;2017
20170917;2017-09-17;17;38;September;9;3;2017
20170918;2017-09-18;18;38;September;9;3;2017
20170919;2017-09-19;19;38;September;9;3;2017
20170920;2017-09-20;20;38;September;9;3;2017
20170921;2017-09-21;21;38;September;9;3;2017
20170922;2017-09-22;22;38;September;9;3;2017
20170923;2017-09-23;23;38;September;9;3;2017
20170924;2017-09-24;24;39;September;9;3;2017
20170925;2017-09-25;25;39;September;9;3;2017
20170926;2017-09-26;26;39;September;9;3;2017
20170927;2017-09-27;27;39;September;9;3;2017
20170928;2017-09-28;28;39;September;9;3;2017
20170929;2017-09-29;29;39;September;9;3;2017
20170930;2017-09-30;30;39;September;9;3;2017
20171001;2017-10-01;1;40;October;10;4;2017
20171002;2017-10-02;2;40;October;10;4;2017
20171003;2017-10-03;3;40;October;10;4;2017
20171004;2017-10-04;4;40;October;10;4;2017
20171005;2017-10-05;5;40;October;10;4;2017
20171006;2017-10-06;6;40;October;10;4;2017
20171007;2017-10-07;7;40;October;10;4;2017
20171008;2017-10-08;8;41;October;10;4;2017
20171009;2017-10-09;9;41;October;10;4;2017
20171010;2017-10-10;10;41;October;10;4;2017
20171011;2017-10-11;11;41;October;10;4;2017
20171012;2017-10-12;12;41;October;10;4;2017
20171013;2017-10-13;13;41;October;10;4;2017
20171014;2017-10-14;14;41;October;10;4;2017
20171015;2017-10-15;15;42;October;10;4;2017
20171016;2017-10-16;16;42;October;10;4;2017
20171017;2017-10-17;17;42;October;10;4;2017
20171018;2017-10-18;18;42;October;10;4;2017
20171019;2017-10-19;19;42;October;10;4;2017
20171020;2017-10-20;20;42;October;10;4;2017
20171021;2017-10-21;21;42;October;10;4;2017
20171022;2017-10-22;22;43;October;10;4;2017
20171023;2017-10-23;23;43;October;10;4;2017
20171024;2017-10-24;24;43;October;10;4;2017
20171025;2017-10-25;25;43;October;10;4;2017
20171026;2017-10-26;26;43;October;10;4;2017
20171027;2017-10-27;27;43;October;10;4;2017
20171028;2017-10-28;28;43;October;10;4;2017
20171029;2017-10-29;29;44;October;10;4;2017
20171030;2017-10-30;30;44;October;10;4;2017
20171031;2017-10-31;31;44;October;10;4;2017
20171101;2017-11-01;1;44;November;11;4;2017
20171102;2017-11-02;2;44;November;11;4;2017
20171103;2017-11-03;3;44;November;11;4;2017
20171104;2017-11-04;4;44;November;11;4;2017
20171105;2017-11-05;5;45;November;11;4;2017
20171106;2017-11-06;6;45;November;11;4;2017
20171107;2017-11-07;7;45;November;11;4;2017
20171108;2017-11-08;8;45;November;11;4;2017
20171109;2017-11-09;9;45;November;11;4;2017
20171110;2017-11-10;10;45;November;11;4;2017
20171111;2017-11-11;11;45;November;11;4;2017
20171112;2017-11-12;12;46;November;11;4;2017
20171113;2017-11-13;13;46;November;11;4;2017
20171114;2017-11-14;14;46;November;11;4;2017
20171115;2017-11-15;15;46;November;11;4;2017
20171116;2017-11-16;16;46;November;11;4;2017
20171117;2017-11-17;17;46;November;11;4;2017
20171118;2017-11-18;18;46;November;11;4;2017
20171119;2017-11-19;19;47;November;11;4;2017
20171120;2017-11-20;20;47;November;11;4;2017
20171121;2017-11-21;21;47;November;11;4;2017
20171122;2017-11-22;22;47;November;11;4;2017
20171123;2017-11-23;23;47;November;11;4;2017
20171124;2017-11-24;24;47;November;11;4;2017
20171125;2017-11-25;25;47;November;11;4;2017
20171126;2017-11-26;26;48;November;11;4;2017
20171127;2017-11-27;27;48;November;11;4;2017
20171128;2017-11-28;28;48;November;11;4;2017
20171129;2017-11-29;29;48;November;11;4;2017
20171130;2017-11-30;30;48;November;11;4;2017
20171201;2017-12-01;1;48;December;12;4;2017
20171202;2017-12-02;2;48;December;12;4;2017
20171203;2017-12-03;3;49;December;12;4;2017
20171204;2017-12-04;4;49;December;12;4;2017
20171205;2017-12-05;5;49;December;12;4;2017
20171206;2017-12-06;6;49;December;12;4;2017
20171207;2017-12-07;7;49;December;12;4;2017
20171208;2017-12-08;8;49;December;12;4;2017
20171209;2017-12-09;9;49;December;12;4;2017
20171210;2017-12-10;10;50;December;12;4;2017
20171211;2017-12-11;11;50;December;12;4;2017
20171212;2017-12-12;12;50;December;12;4;2017
20171213;2017-12-13;13;50;December;12;4;2017
20171214;2017-12-14;14;50;December;12;4;2017
20171215;2017-12-15;15;50;December;12;4;2017
20171216;2017-12-16;16;50;December;12;4;2017
20171217;2017-12-17;17;51;December;12;4;2017
20171218;2017-12-18;18;51;December;12;4;2017
20171219;2017-12-19;19;51;December;12;4;2017
20171220;2017-12-20;20;51;December;12;4;2017
20171221;2017-12-21;21;51;December;12;4;2017
20171222;2017-12-22;22;51;December;12;4;2017
20171223;2017-12-23;23;51;December;12;4;2017
20171224;2017-12-24;24;52;December;12;4;2017
20171225;2017-12-25;25;52;December;12;4;2017
20171226;2017-12-26;26;52;December;12;4;2017
20171227;2017-12-27;27;52;December;12;4;2017
20171228;2017-12-28;28;52;December;12;4;2017
20171229;2017-12-29;29;52;December;12;4;2017
20171230;2017-12-30;30;52;December;12;4;2017
20171231;2017-12-31;31;53;December;12;4;2017
20180101;2018-01-01;1;1;January;1;1;2018
20180102;2018-01-02;2;1;January;1;1;2018
20180103;2018-01-03;3;1;January;1;1;2018
20180104;2018-01-04;4;1;January;1;1;2018
20180105;2018-01-05;5;1;January;1;1;2018
20180106;2018-01-06;6;1;January;1;1;2018
20180107;2018-01-07;7;2;January;1;1;2018
20180108;2018-01-08;8;2;January;1;1;2018
20180109;2018-01-09;9;2;January;1;1;2018
20180110;2018-01-10;10;2;January;1;1;2018
20180111;2018-01-11;11;2;January;1;1;2018
20180112;2018-01-12;12;2;January;1;1;2018
20180113;2018-01-13;13;2;January;1;1;2018
20180114;2018-01-14;14;3;January;1;1;2018
20180115;2018-01-15;15;3;January;1;1;2018
20180116;2018-01-16;16;3;January;1;1;2018
20180117;2018-01-17;17;3;January;1;1;2018
20180118;2018-01-18;18;3;January;1;1;2018
20180119;2018-01-19;19;3;January;1;1;2018
20180120;2018-01-20;20;3;January;1;1;2018
20180121;2018-01-21;21;4;January;1;1;2018
20180122;2018-01-22;22;4;January;1;1;2018
20180123;2018-01-23;23;4;January;1;1;2018
20180124;2018-01-24;24;4;January;1;1;2018
20180125;2018-01-25;25;4;January;1;1;2018
20180126;2018-01-26;26;4;January;1;1;2018
20180127;2018-01-27;27;4;January;1;1;2018
20180128;2018-01-28;28;5;January;1;1;2018
20180129;2018-01-29;29;5;January;1;1;2018
20180130;2018-01-30;30;5;January;1;1;2018
20180131;2018-01-31;31;5;January;1;1;2018
20180201;2018-02-01;1;5;February;2;1;2018
20180202;2018-02-02;2;5;February;2;1;2018
20180203;2018-02-03;3;5;February;2;1;2018
20180204;2018-02-04;4;6;February;2;1;2018
20180205;2018-02-05;5;6;February;2;1;2018
20180206;2018-02-06;6;6;February;2;1;2018
20180207;2018-02-07;7;6;February;2;1;2018
20180208;2018-02-08;8;6;February;2;1;2018
20180209;2018-02-09;9;6;February;2;1;2018
20180210;2018-02-10;10;6;February;2;1;2018
20180211;2018-02-11;11;7;February;2;1;2018
20180212;2018-02-12;12;7;February;2;1;2018
20180213;2018-02-13;13;7;February;2;1;2018
20180214;2018-02-14;14;7;February;2;1;2018
20180215;2018-02-15;15;7;February;2;1;2018
20180216;2018-02-16;16;7;February;2;1;2018
20180217;2018-02-17;17;7;February;2;1;2018
20180218;2018-02-18;18;8;February;2;1;2018
20180219;2018-02-19;19;8;February;2;1;2018
20180220;2018-02-20;20;8;February;2;1;2018
20180221;2018-02-21;21;8;February;2;1;2018
20180222;2018-02-22;22;8;February;2;1;2018
20180223;2018-02-23;23;8;February;2;1;2018
20180224;2018-02-24;24;8;February;2;1;2018
20180225;2018-02-25;25;9;February;2;1;2018
20180226;2018-02-26;26;9;February;2;1;2018
20180227;2018-02-27;27;9;February;2;1;2018
20180228;2018-02-28;28;9;February;2;1;2018
20180301;2018-03-01;1;9;March;3;1;2018
20180302;2018-03-02;2;9;March;3;1;2018
20180303;2018-03-03;3;9;March;3;1;2018
20180304;2018-03-04;4;10;March;3;1;2018
20180305;2018-03-05;5;10;March;3;1;2018
20180306;2018-03-06;6;10;March;3;1;2018
20180307;2018-03-07;7;10;March;3;1;2018
20180308;2018-03-08;8;10;March;3;1;2018
20180309;2018-03-09;9;10;March;3;1;2018
20180310;2018-03-10;10;10;March;3;1;2018
20180311;2018-03-11;11;11;March;3;1;2018
20180312;2018-03-12;12;11;March;3;1;2018
20180313;2018-03-13;13;11;March;3;1;2018
20180314;2018-03-14;14;11;March;3;1;2018
20180315;2018-03-15;15;11;March;3;1;2018
20180316;2018-03-16;16;11;March;3;1;2018
20180317;2018-03-17;17;11;March;3;1;2018
20180318;2018-03-18;18;12;March;3;1;2018
20180319;2018-03-19;19;12;March;3;1;2018
20180320;2018-03-20;20;12;March;3;1;2018
20180321;2018-03-21;21;12;March;3;1;2018
20180322;2018-03-22;22;12;March;3;1;2018
20180323;2018-03-23;23;12;March;3;1;2018
20180324;2018-03-24;24;12;March;3;1;2018
20180325;2018-03-25;25;13;March;3;1;2018
20180326;2018-03-26;26;13;March;3;1;2018
20180327;2018-03-27;27;13;March;3;1;2018
20180328;2018-03-28;28;13;March;3;1;2018
20180329;2018-03-29;29;13;March;3;1;2018
20180330;2018-03-30;30;13;March;3;1;2018
20180331;2018-03-31;31;13;March;3;1;2018
20180401;2018-04-01;1;14;April;4;2;2018
20180402;2018-04-02;2;14;April;4;2;2018
20180403;2018-04-03;3;14;April;4;2;2018
20180404;2018-04-04;4;14;April;4;2;2018
20180405;2018-04-05;5;14;April;4;2;2018
20180406;2018-04-06;6;14;April;4;2;2018
20180407;2018-04-07;7;14;April;4;2;2018
20180408;2018-04-08;8;15;April;4;2;2018
20180409;2018-04-09;9;15;April;4;2;2018
20180410;2018-04-10;10;15;April;4;2;2018
20180411;2018-04-11;11;15;April;4;2;2018
20180412;2018-04-12;12;15;April;4;2;2018
20180413;2018-04-13;13;15;April;4;2;2018
20180414;2018-04-14;14;15;April;4;2;2018
20180415;2018-04-15;15;16;April;4;2;2018
20180416;2018-04-16;16;16;April;4;2;2018
20180417;2018-04-17;17;16;April;4;2;2018
20180418;2018-04-18;18;16;April;4;2;2018
20180419;2018-04-19;19;16;April;4;2;2018
20180420;2018-04-20;20;16;April;4;2;2018
20180421;2018-04-21;21;16;April;4;2;2018
20180422;2018-04-22;22;17;April;4;2;2018
20180423;2018-04-23;23;17;April;4;2;2018
20180424;2018-04-24;24;17;April;4;2;2018
20180425;2018-04-25;25;17;April;4;2;2018
20180426;2018-04-26;26;17;April;4;2;2018
20180427;2018-04-27;27;17;April;4;2;2018
20180428;2018-04-28;28;17;April;4;2;2018
20180429;2018-04-29;29;18;April;4;2;2018
20180430;2018-04-30;30;18;April;4;2;2018
20180501;2018-05-01;1;18;May;5;2;2018
20180502;2018-05-02;2;18;May;5;2;2018
20180503;2018-05-03;3;18;May;5;2;2018
20180504;2018-05-04;4;18;May;5;2;2018
20180505;2018-05-05;5;18;May;5;2;2018
20180506;2018-05-06;6;19;May;5;2;2018
20180507;2018-05-07;7;19;May;5;2;2018
20180508;2018-05-08;8;19;May;5;2;2018
20180509;2018-05-09;9;19;May;5;2;2018
20180510;2018-05-10;10;19;May;5;2;2018
20180511;2018-05-11;11;19;May;5;2;2018
20180512;2018-05-12;12;19;May;5;2;2018
20180513;2018-05-13;13;20;May;5;2;2018
20180514;2018-05-14;14;20;May;5;2;2018
20180515;2018-05-15;15;20;May;5;2;2018
20180516;2018-05-16;16;20;May;5;2;2018
20180517;2018-05-17;17;20;May;5;2;2018
20180518;2018-05-18;18;20;May;5;2;2018
20180519;2018-05-19;19;20;May;5;2;2018
20180520;2018-05-20;20;21;May;5;2;2018
20180521;2018-05-21;21;21;May;5;2;2018
20180522;2018-05-22;22;21;May;5;2;2018
20180523;2018-05-23;23;21;May;5;2;2018
20180524;2018-05-24;24;21;May;5;2;2018
20180525;2018-05-25;25;21;May;5;2;2018
20180526;2018-05-26;26;21;May;5;2;2018
20180527;2018-05-27;27;22;May;5;2;2018
20180528;2018-05-28;28;22;May;5;2;2018
20180529;2018-05-29;29;22;May;5;2;2018
20180530;2018-05-30;30;22;May;5;2;2018
20180531;2018-05-31;31;22;May;5;2;2018
20180601;2018-06-01;1;22;June;6;2;2018
20180602;2018-06-02;2;22;June;6;2;2018
20180603;2018-06-03;3;23;June;6;2;2018
20180604;2018-06-04;4;23;June;6;2;2018
20180605;2018-06-05;5;23;June;6;2;2018
20180606;2018-06-06;6;23;June;6;2;2018
20180607;2018-06-07;7;23;June;6;2;2018
20180608;2018-06-08;8;23;June;6;2;2018
20180609;2018-06-09;9;23;June;6;2;2018
20180610;2018-06-10;10;24;June;6;2;2018
20180611;2018-06-11;11;24;June;6;2;2018
20180612;2018-06-12;12;24;June;6;2;2018
20180613;2018-06-13;13;24;June;6;2;2018
20180614;2018-06-14;14;24;June;6;2;2018
20180615;2018-06-15;15;24;June;6;2;2018
20180616;2018-06-16;16;24;June;6;2;2018
20180617;2018-06-17;17;25;June;6;2;2018
20180618;2018-06-18;18;25;June;6;2;2018
20180619;2018-06-19;19;25;June;6;2;2018
20180620;2018-06-20;20;25;June;6;2;2018
20180621;2018-06-21;21;25;June;6;2;2018
20180622;2018-06-22;22;25;June;6;2;2018
20180623;2018-06-23;23;25;June;6;2;2018
20180624;2018-06-24;24;26;June;6;2;2018
20180625;2018-06-25;25;26;June;6;2;2018
20180626;2018-06-26;26;26;June;6;2;2018
20180627;2018-06-27;27;26;June;6;2;2018
20180628;2018-06-28;28;26;June;6;2;2018
20180629;2018-06-29;29;26;June;6;2;2018
20180630;2018-06-30;30;26;June;6;2;2018
20180701;2018-07-01;1;27;July;7;3;2018
20180702;2018-07-02;2;27;July;7;3;2018
20180703;2018-07-03;3;27;July;7;3;2018
20180704;2018-07-04;4;27;July;7;3;2018
20180705;2018-07-05;5;27;July;7;3;2018
20180706;2018-07-06;6;27;July;7;3;2018
20180707;2018-07-07;7;27;July;7;3;2018
20180708;2018-07-08;8;28;July;7;3;2018
20180709;2018-07-09;9;28;July;7;3;2018
20180710;2018-07-10;10;28;July;7;3;2018
20180711;2018-07-11;11;28;July;7;3;2018
20180712;2018-07-12;12;28;July;7;3;2018
20180713;2018-07-13;13;28;July;7;3;2018
20180714;2018-07-14;14;28;July;7;3;2018
20180715;2018-07-15;15;29;July;7;3;2018
20180716;2018-07-16;16;29;July;7;3;2018
20180717;2018-07-17;17;29;July;7;3;2018
20180718;2018-07-18;18;29;July;7;3;2018
20180719;2018-07-19;19;29;July;7;3;2018
20180720;2018-07-20;20;29;July;7;3;2018
20180721;2018-07-21;21;29;July;7;3;2018
20180722;2018-07-22;22;30;July;7;3;2018
20180723;2018-07-23;23;30;July;7;3;2018
20180724;2018-07-24;24;30;July;7;3;2018
20180725;2018-07-25;25;30;July;7;3;2018
20180726;2018-07-26;26;30;July;7;3;2018
20180727;2018-07-27;27;30;July;7;3;2018
20180728;2018-07-28;28;30;July;7;3;2018
20180729;2018-07-29;29;31;July;7;3;2018
20180730;2018-07-30;30;31;July;7;3;2018
20180731;2018-07-31;31;31;July;7;3;2018
20180801;2018-08-01;1;31;August;8;3;2018
20180802;2018-08-02;2;31;August;8;3;2018
20180803;2018-08-03;3;31;August;8;3;2018
20180804;2018-08-04;4;31;August;8;3;2018
20180805;2018-08-05;5;32;August;8;3;2018
20180806;2018-08-06;6;32;August;8;3;2018
20180807;2018-08-07;7;32;August;8;3;2018
20180808;2018-08-08;8;32;August;8;3;2018
20180809;2018-08-09;9;32;August;8;3;2018
20180810;2018-08-10;10;32;August;8;3;2018
20180811;2018-08-11;11;32;August;8;3;2018
20180812;2018-08-12;12;33;August;8;3;2018
20180813;2018-08-13;13;33;August;8;3;2018
20180814;2018-08-14;14;33;August;8;3;2018
20180815;2018-08-15;15;33;August;8;3;2018
20180816;2018-08-16;16;33;August;8;3;2018
20180817;2018-08-17;17;33;August;8;3;2018
20180818;2018-08-18;18;33;August;8;3;2018
20180819;2018-08-19;19;34;August;8;3;2018
20180820;2018-08-20;20;34;August;8;3;2018
20180821;2018-08-21;21;34;August;8;3;2018
20180822;2018-08-22;22;34;August;8;3;2018
20180823;2018-08-23;23;34;August;8;3;2018
20180824;2018-08-24;24;34;August;8;3;2018
20180825;2018-08-25;25;34;August;8;3;2018
20180826;2018-08-26;26;35;August;8;3;2018
20180827;2018-08-27;27;35;August;8;3;2018
20180828;2018-08-28;28;35;August;8;3;2018
20180829;2018-08-29;29;35;August;8;3;2018
20180830;2018-08-30;30;35;August;8;3;2018
20180831;2018-08-31;31;35;August;8;3;2018
20180901;2018-09-01;1;35;September;9;3;2018
20180902;2018-09-02;2;36;September;9;3;2018
20180903;2018-09-03;3;36;September;9;3;2018
20180904;2018-09-04;4;36;September;9;3;2018
20180905;2018-09-05;5;36;September;9;3;2018
20180906;2018-09-06;6;36;September;9;3;2018
20180907;2018-09-07;7;36;September;9;3;2018
20180908;2018-09-08;8;36;September;9;3;2018
20180909;2018-09-09;9;37;September;9;3;2018
20180910;2018-09-10;10;37;September;9;3;2018
20180911;2018-09-11;11;37;September;9;3;2018
20180912;2018-09-12;12;37;September;9;3;2018
20180913;2018-09-13;13;37;September;9;3;2018
20180914;2018-09-14;14;37;September;9;3;2018
20180915;2018-09-15;15;37;September;9;3;2018
20180916;2018-09-16;16;38;September;9;3;2018
20180917;2018-09-17;17;38;September;9;3;2018
20180918;2018-09-18;18;38;September;9;3;2018
20180919;2018-09-19;19;38;September;9;3;2018
20180920;2018-09-20;20;38;September;9;3;2018
20180921;2018-09-21;21;38;September;9;3;2018
20180922;2018-09-22;22;38;September;9;3;2018
20180923;2018-09-23;23;39;September;9;3;2018
20180924;2018-09-24;24;39;September;9;3;2018
20180925;2018-09-25;25;39;September;9;3;2018
20180926;2018-09-26;26;39;September;9;3;2018
20180927;2018-09-27;27;39;September;9;3;2018
20180928;2018-09-28;28;39;September;9;3;2018
20180929;2018-09-29;29;39;September;9;3;2018
20180930;2018-09-30;30;40;September;9;3;2018
20181001;2018-10-01;1;40;October;10;4;2018
20181002;2018-10-02;2;40;October;10;4;2018
20181003;2018-10-03;3;40;October;10;4;2018
20181004;2018-10-04;4;40;October;10;4;2018
20181005;2018-10-05;5;40;October;10;4;2018
20181006;2018-10-06;6;40;October;10;4;2018
20181007;2018-10-07;7;41;October;10;4;2018
20181008;2018-10-08;8;41;October;10;4;2018
20181009;2018-10-09;9;41;October;10;4;2018
20181010;2018-10-10;10;41;October;10;4;2018
20181011;2018-10-11;11;41;October;10;4;2018
20181012;2018-10-12;12;41;October;10;4;2018
20181013;2018-10-13;13;41;October;10;4;2018
20181014;2018-10-14;14;42;October;10;4;2018
20181015;2018-10-15;15;42;October;10;4;2018
20181016;2018-10-16;16;42;October;10;4;2018
20181017;2018-10-17;17;42;October;10;4;2018
20181018;2018-10-18;18;42;October;10;4;2018
20181019;2018-10-19;19;42;October;10;4;2018
20181020;2018-10-20;20;42;October;10;4;2018
20181021;2018-10-21;21;43;October;10;4;2018
20181022;2018-10-22;22;43;October;10;4;2018
20181023;2018-10-23;23;43;October;10;4;2018
20181024;2018-10-24;24;43;October;10;4;2018
20181025;2018-10-25;25;43;October;10;4;2018
20181026;2018-10-26;26;43;October;10;4;2018
20181027;2018-10-27;27;43;October;10;4;2018
20181028;2018-10-28;28;44;October;10;4;2018
20181029;2018-10-29;29;44;October;10;4;2018
20181030;2018-10-30;30;44;October;10;4;2018
20181031;2018-10-31;31;44;October;10;4;2018
20181101;2018-11-01;1;44;November;11;4;2018
20181102;2018-11-02;2;44;November;11;4;2018
20181103;2018-11-03;3;44;November;11;4;2018
20181104;2018-11-04;4;45;November;11;4;2018
20181105;2018-11-05;5;45;November;11;4;2018
20181106;2018-11-06;6;45;November;11;4;2018
20181107;2018-11-07;7;45;November;11;4;2018
20181108;2018-11-08;8;45;November;11;4;2018
20181109;2018-11-09;9;45;November;11;4;2018
20181110;2018-11-10;10;45;November;11;4;2018
20181111;2018-11-11;11;46;November;11;4;2018
20181112;2018-11-12;12;46;November;11;4;2018
20181113;2018-11-13;13;46;November;11;4;2018
20181114;2018-11-14;14;46;November;11;4;2018
20181115;2018-11-15;15;46;November;11;4;2018
20181116;2018-11-16;16;46;November;11;4;2018
20181117;2018-11-17;17;46;November;11;4;2018
20181118;2018-11-18;18;47;November;11;4;2018
20181119;2018-11-19;19;47;November;11;4;2018
20181120;2018-11-20;20;47;November;11;4;2018
20181121;2018-11-21;21;47;November;11;4;2018
20181122;2018-11-22;22;47;November;11;4;2018
20181123;2018-11-23;23;47;November;11;4;2018
20181124;2018-11-24;24;47;November;11;4;2018
20181125;2018-11-25;25;48;November;11;4;2018
20181126;2018-11-26;26;48;November;11;4;2018
20181127;2018-11-27;27;48;November;11;4;2018
20181128;2018-11-28;28;48;November;11;4;2018
20181129;2018-11-29;29;48;November;11;4;2018
20181130;2018-11-30;30;48;November;11;4;2018
20181201;2018-12-01;1;48;December;12;4;2018
20181202;2018-12-02;2;49;December;12;4;2018
20181203;2018-12-03;3;49;December;12;4;2018
20181204;2018-12-04;4;49;December;12;4;2018
20181205;2018-12-05;5;49;December;12;4;2018
20181206;2018-12-06;6;49;December;12;4;2018
20181207;2018-12-07;7;49;December;12;4;2018
20181208;2018-12-08;8;49;December;12;4;2018
20181209;2018-12-09;9;50;December;12;4;2018
20181210;2018-12-10;10;50;December;12;4;2018
20181211;2018-12-11;11;50;December;12;4;2018
20181212;2018-12-12;12;50;December;12;4;2018
20181213;2018-12-13;13;50;December;12;4;2018
20181214;2018-12-14;14;50;December;12;4;2018
20181215;2018-12-15;15;50;December;12;4;2018
20181216;2018-12-16;16;51;December;12;4;2018
20181217;2018-12-17;17;51;December;12;4;2018
20181218;2018-12-18;18;51;December;12;4;2018
20181219;2018-12-19;19;51;December;12;4;2018
20181220;2018-12-20;20;51;December;12;4;2018
20181221;2018-12-21;21;51;December;12;4;2018
20181222;2018-12-22;22;51;December;12;4;2018
20181223;2018-12-23;23;52;December;12;4;2018
20181224;2018-12-24;24;52;December;12;4;2018
20181225;2018-12-25;25;52;December;12;4;2018
20181226;2018-12-26;26;52;December;12;4;2018
20181227;2018-12-27;27;52;December;12;4;2018
20181228;2018-12-28;28;52;December;12;4;2018
20181229;2018-12-29;29;52;December;12;4;2018
20181230;2018-12-30;30;53;December;12;4;2018
20181231;2018-12-31;31;53;December;12;4;2018
20190101;2019-01-01;1;1;January;1;1;2019
20190102;2019-01-02;2;1;January;1;1;2019
20190103;2019-01-03;3;1;January;1;1;2019
20190104;2019-01-04;4;1;January;1;1;2019
20190105;2019-01-05;5;1;January;1;1;2019
20190106;2019-01-06;6;2;January;1;1;2019
20190107;2019-01-07;7;2;January;1;1;2019
20190108;2019-01-08;8;2;January;1;1;2019
20190109;2019-01-09;9;2;January;1;1;2019
20190110;2019-01-10;10;2;January;1;1;2019
20190111;2019-01-11;11;2;January;1;1;2019
20190112;2019-01-12;12;2;January;1;1;2019
20190113;2019-01-13;13;3;January;1;1;2019
20190114;2019-01-14;14;3;January;1;1;2019
20190115;2019-01-15;15;3;January;1;1;2019
20190116;2019-01-16;16;3;January;1;1;2019
20190117;2019-01-17;17;3;January;1;1;2019
20190118;2019-01-18;18;3;January;1;1;2019
20190119;2019-01-19;19;3;January;1;1;2019
20190120;2019-01-20;20;4;January;1;1;2019
20190121;2019-01-21;21;4;January;1;1;2019
20190122;2019-01-22;22;4;January;1;1;2019
20190123;2019-01-23;23;4;January;1;1;2019
20190124;2019-01-24;24;4;January;1;1;2019
20190125;2019-01-25;25;4;January;1;1;2019
20190126;2019-01-26;26;4;January;1;1;2019
20190127;2019-01-27;27;5;January;1;1;2019
20190128;2019-01-28;28;5;January;1;1;2019
20190129;2019-01-29;29;5;January;1;1;2019
20190130;2019-01-30;30;5;January;1;1;2019
20190131;2019-01-31;31;5;January;1;1;2019
20190201;2019-02-01;1;5;February;2;1;2019
20190202;2019-02-02;2;5;February;2;1;2019
20190203;2019-02-03;3;6;February;2;1;2019
20190204;2019-02-04;4;6;February;2;1;2019
20190205;2019-02-05;5;6;February;2;1;2019
20190206;2019-02-06;6;6;February;2;1;2019
20190207;2019-02-07;7;6;February;2;1;2019
20190208;2019-02-08;8;6;February;2;1;2019
20190209;2019-02-09;9;6;February;2;1;2019
20190210;2019-02-10;10;7;February;2;1;2019
20190211;2019-02-11;11;7;February;2;1;2019
20190212;2019-02-12;12;7;February;2;1;2019
20190213;2019-02-13;13;7;February;2;1;2019
20190214;2019-02-14;14;7;February;2;1;2019
20190215;2019-02-15;15;7;February;2;1;2019
20190216;2019-02-16;16;7;February;2;1;2019
20190217;2019-02-17;17;8;February;2;1;2019
20190218;2019-02-18;18;8;February;2;1;2019
20190219;2019-02-19;19;8;February;2;1;2019
20190220;2019-02-20;20;8;February;2;1;2019
20190221;2019-02-21;21;8;February;2;1;2019
20190222;2019-02-22;22;8;February;2;1;2019
20190223;2019-02-23;23;8;February;2;1;2019
20190224;2019-02-24;24;9;February;2;1;2019
20190225;2019-02-25;25;9;February;2;1;2019
20190226;2019-02-26;26;9;February;2;1;2019
20190227;2019-02-27;27;9;February;2;1;2019
20190228;2019-02-28;28;9;February;2;1;2019
20190301;2019-03-01;1;9;March;3;1;2019
20190302;2019-03-02;2;9;March;3;1;2019
20190303;2019-03-03;3;10;March;3;1;2019
20190304;2019-03-04;4;10;March;3;1;2019
20190305;2019-03-05;5;10;March;3;1;2019
20190306;2019-03-06;6;10;March;3;1;2019
20190307;2019-03-07;7;10;March;3;1;2019
20190308;2019-03-08;8;10;March;3;1;2019
20190309;2019-03-09;9;10;March;3;1;2019
20190310;2019-03-10;10;11;March;3;1;2019
20190311;2019-03-11;11;11;March;3;1;2019
20190312;2019-03-12;12;11;March;3;1;2019
20190313;2019-03-13;13;11;March;3;1;2019
20190314;2019-03-14;14;11;March;3;1;2019
20190315;2019-03-15;15;11;March;3;1;2019
20190316;2019-03-16;16;11;March;3;1;2019
20190317;2019-03-17;17;12;March;3;1;2019
20190318;2019-03-18;18;12;March;3;1;2019
20190319;2019-03-19;19;12;March;3;1;2019
20190320;2019-03-20;20;12;March;3;1;2019
20190321;2019-03-21;21;12;March;3;1;2019
20190322;2019-03-22;22;12;March;3;1;2019
20190323;2019-03-23;23;12;March;3;1;2019
20190324;2019-03-24;24;13;March;3;1;2019
20190325;2019-03-25;25;13;March;3;1;2019
20190326;2019-03-26;26;13;March;3;1;2019
20190327;2019-03-27;27;13;March;3;1;2019
20190328;2019-03-28;28;13;March;3;1;2019
20190329;2019-03-29;29;13;March;3;1;2019
20190330;2019-03-30;30;13;March;3;1;2019
20190331;2019-03-31;31;14;March;3;1;2019
20190401;2019-04-01;1;14;April;4;2;2019
20190402;2019-04-02;2;14;April;4;2;2019
20190403;2019-04-03;3;14;April;4;2;2019
20190404;2019-04-04;4;14;April;4;2;2019
20190405;2019-04-05;5;14;April;4;2;2019
20190406;2019-04-06;6;14;April;4;2;2019
20190407;2019-04-07;7;15;April;4;2;2019
20190408;2019-04-08;8;15;April;4;2;2019
20190409;2019-04-09;9;15;April;4;2;2019
20190410;2019-04-10;10;15;April;4;2;2019
20190411;2019-04-11;11;15;April;4;2;2019
20190412;2019-04-12;12;15;April;4;2;2019
20190413;2019-04-13;13;15;April;4;2;2019
20190414;2019-04-14;14;16;April;4;2;2019
20190415;2019-04-15;15;16;April;4;2;2019
20190416;2019-04-16;16;16;April;4;2;2019
20190417;2019-04-17;17;16;April;4;2;2019
20190418;2019-04-18;18;16;April;4;2;2019
20190419;2019-04-19;19;16;April;4;2;2019
20190420;2019-04-20;20;16;April;4;2;2019
20190421;2019-04-21;21;17;April;4;2;2019
20190422;2019-04-22;22;17;April;4;2;2019
20190423;2019-04-23;23;17;April;4;2;2019
20190424;2019-04-24;24;17;April;4;2;2019
20190425;2019-04-25;25;17;April;4;2;2019
20190426;2019-04-26;26;17;April;4;2;2019
20190427;2019-04-27;27;17;April;4;2;2019
20190428;2019-04-28;28;18;April;4;2;2019
20190429;2019-04-29;29;18;April;4;2;2019
20190430;2019-04-30;30;18;April;4;2;2019
20190501;2019-05-01;1;18;May;5;2;2019
20190502;2019-05-02;2;18;May;5;2;2019
20190503;2019-05-03;3;18;May;5;2;2019
20190504;2019-05-04;4;18;May;5;2;2019
20190505;2019-05-05;5;19;May;5;2;2019
20190506;2019-05-06;6;19;May;5;2;2019
20190507;2019-05-07;7;19;May;5;2;2019
20190508;2019-05-08;8;19;May;5;2;2019
20190509;2019-05-09;9;19;May;5;2;2019
20190510;2019-05-10;10;19;May;5;2;2019
20190511;2019-05-11;11;19;May;5;2;2019
20190512;2019-05-12;12;20;May;5;2;2019
20190513;2019-05-13;13;20;May;5;2;2019
20190514;2019-05-14;14;20;May;5;2;2019
20190515;2019-05-15;15;20;May;5;2;2019
20190516;2019-05-16;16;20;May;5;2;2019
20190517;2019-05-17;17;20;May;5;2;2019
20190518;2019-05-18;18;20;May;5;2;2019
20190519;2019-05-19;19;21;May;5;2;2019
20190520;2019-05-20;20;21;May;5;2;2019
20190521;2019-05-21;21;21;May;5;2;2019
20190522;2019-05-22;22;21;May;5;2;2019
20190523;2019-05-23;23;21;May;5;2;2019
20190524;2019-05-24;24;21;May;5;2;2019
20190525;2019-05-25;25;21;May;5;2;2019
20190526;2019-05-26;26;22;May;5;2;2019
20190527;2019-05-27;27;22;May;5;2;2019
20190528;2019-05-28;28;22;May;5;2;2019
20190529;2019-05-29;29;22;May;5;2;2019
20190530;2019-05-30;30;22;May;5;2;2019
20190531;2019-05-31;31;22;May;5;2;2019
20190601;2019-06-01;1;22;June;6;2;2019
20190602;2019-06-02;2;23;June;6;2;2019
20190603;2019-06-03;3;23;June;6;2;2019
20190604;2019-06-04;4;23;June;6;2;2019
20190605;2019-06-05;5;23;June;6;2;2019
20190606;2019-06-06;6;23;June;6;2;2019
20190607;2019-06-07;7;23;June;6;2;2019
20190608;2019-06-08;8;23;June;6;2;2019
20190609;2019-06-09;9;24;June;6;2;2019
20190610;2019-06-10;10;24;June;6;2;2019
20190611;2019-06-11;11;24;June;6;2;2019
20190612;2019-06-12;12;24;June;6;2;2019
20190613;2019-06-13;13;24;June;6;2;2019
20190614;2019-06-14;14;24;June;6;2;2019
20190615;2019-06-15;15;24;June;6;2;2019
20190616;2019-06-16;16;25;June;6;2;2019
20190617;2019-06-17;17;25;June;6;2;2019
20190618;2019-06-18;18;25;June;6;2;2019
20190619;2019-06-19;19;25;June;6;2;2019
20190620;2019-06-20;20;25;June;6;2;2019
20190621;2019-06-21;21;25;June;6;2;2019
20190622;2019-06-22;22;25;June;6;2;2019
20190623;2019-06-23;23;26;June;6;2;2019
20190624;2019-06-24;24;26;June;6;2;2019
20190625;2019-06-25;25;26;June;6;2;2019
20190626;2019-06-26;26;26;June;6;2;2019
20190627;2019-06-27;27;26;June;6;2;2019
20190628;2019-06-28;28;26;June;6;2;2019
20190629;2019-06-29;29;26;June;6;2;2019
20190630;2019-06-30;30;27;June;6;2;2019
20190701;2019-07-01;1;27;July;7;3;2019
20190702;2019-07-02;2;27;July;7;3;2019
20190703;2019-07-03;3;27;July;7;3;2019
20190704;2019-07-04;4;27;July;7;3;2019
20190705;2019-07-05;5;27;July;7;3;2019
20190706;2019-07-06;6;27;July;7;3;2019
20190707;2019-07-07;7;28;July;7;3;2019
20190708;2019-07-08;8;28;July;7;3;2019
20190709;2019-07-09;9;28;July;7;3;2019
20190710;2019-07-10;10;28;July;7;3;2019
20190711;2019-07-11;11;28;July;7;3;2019
20190712;2019-07-12;12;28;July;7;3;2019
20190713;2019-07-13;13;28;July;7;3;2019
20190714;2019-07-14;14;29;July;7;3;2019
20190715;2019-07-15;15;29;July;7;3;2019
20190716;2019-07-16;16;29;July;7;3;2019
20190717;2019-07-17;17;29;July;7;3;2019
20190718;2019-07-18;18;29;July;7;3;2019
20190719;2019-07-19;19;29;July;7;3;2019
20190720;2019-07-20;20;29;July;7;3;2019
20190721;2019-07-21;21;30;July;7;3;2019
20190722;2019-07-22;22;30;July;7;3;2019
20190723;2019-07-23;23;30;July;7;3;2019
20190724;2019-07-24;24;30;July;7;3;2019
20190725;2019-07-25;25;30;July;7;3;2019
20190726;2019-07-26;26;30;July;7;3;2019
20190727;2019-07-27;27;30;July;7;3;2019
20190728;2019-07-28;28;31;July;7;3;2019
20190729;2019-07-29;29;31;July;7;3;2019
20190730;2019-07-30;30;31;July;7;3;2019
20190731;2019-07-31;31;31;July;7;3;2019
20190801;2019-08-01;1;31;August;8;3;2019
20190802;2019-08-02;2;31;August;8;3;2019
20190803;2019-08-03;3;31;August;8;3;2019
20190804;2019-08-04;4;32;August;8;3;2019
20190805;2019-08-05;5;32;August;8;3;2019
20190806;2019-08-06;6;32;August;8;3;2019
20190807;2019-08-07;7;32;August;8;3;2019
20190808;2019-08-08;8;32;August;8;3;2019
20190809;2019-08-09;9;32;August;8;3;2019
20190810;2019-08-10;10;32;August;8;3;2019
20190811;2019-08-11;11;33;August;8;3;2019
20190812;2019-08-12;12;33;August;8;3;2019
20190813;2019-08-13;13;33;August;8;3;2019
20190814;2019-08-14;14;33;August;8;3;2019
20190815;2019-08-15;15;33;August;8;3;2019
20190816;2019-08-16;16;33;August;8;3;2019
20190817;2019-08-17;17;33;August;8;3;2019
20190818;2019-08-18;18;34;August;8;3;2019
20190819;2019-08-19;19;34;August;8;3;2019
20190820;2019-08-20;20;34;August;8;3;2019
20190821;2019-08-21;21;34;August;8;3;2019
20190822;2019-08-22;22;34;August;8;3;2019
20190823;2019-08-23;23;34;August;8;3;2019
20190824;2019-08-24;24;34;August;8;3;2019
20190825;2019-08-25;25;35;August;8;3;2019
20190826;2019-08-26;26;35;August;8;3;2019
20190827;2019-08-27;27;35;August;8;3;2019
20190828;2019-08-28;28;35;August;8;3;2019
20190829;2019-08-29;29;35;August;8;3;2019
20190830;2019-08-30;30;35;August;8;3;2019
20190831;2019-08-31;31;35;August;8;3;2019
20190901;2019-09-01;1;36;September;9;3;2019
20190902;2019-09-02;2;36;September;9;3;2019
20190903;2019-09-03;3;36;September;9;3;2019
20190904;2019-09-04;4;36;September;9;3;2019
20190905;2019-09-05;5;36;September;9;3;2019
20190906;2019-09-06;6;36;September;9;3;2019
20190907;2019-09-07;7;36;September;9;3;2019
20190908;2019-09-08;8;37;September;9;3;2019
20190909;2019-09-09;9;37;September;9;3;2019
20190910;2019-09-10;10;37;September;9;3;2019
20190911;2019-09-11;11;37;September;9;3;2019
20190912;2019-09-12;12;37;September;9;3;2019
20190913;2019-09-13;13;37;September;9;3;2019
20190914;2019-09-14;14;37;September;9;3;2019
20190915;2019-09-15;15;38;September;9;3;2019
20190916;2019-09-16;16;38;September;9;3;2019
20190917;2019-09-17;17;38;September;9;3;2019
20190918;2019-09-18;18;38;September;9;3;2019
20190919;2019-09-19;19;38;September;9;3;2019
20190920;2019-09-20;20;38;September;9;3;2019
20190921;2019-09-21;21;38;September;9;3;2019
20190922;2019-09-22;22;39;September;9;3;2019
20190923;2019-09-23;23;39;September;9;3;2019
20190924;2019-09-24;24;39;September;9;3;2019
20190925;2019-09-25;25;39;September;9;3;2019
20190926;2019-09-26;26;39;September;9;3;2019
20190927;2019-09-27;27;39;September;9;3;2019
20190928;2019-09-28;28;39;September;9;3;2019
20190929;2019-09-29;29;40;September;9;3;2019
20190930;2019-09-30;30;40;September;9;3;2019
20191001;2019-10-01;1;40;October;10;4;2019
20191002;2019-10-02;2;40;October;10;4;2019
20191003;2019-10-03;3;40;October;10;4;2019
20191004;2019-10-04;4;40;October;10;4;2019
20191005;2019-10-05;5;40;October;10;4;2019
20191006;2019-10-06;6;41;October;10;4;2019
20191007;2019-10-07;7;41;October;10;4;2019
20191008;2019-10-08;8;41;October;10;4;2019
20191009;2019-10-09;9;41;October;10;4;2019
20191010;2019-10-10;10;41;October;10;4;2019
20191011;2019-10-11;11;41;October;10;4;2019
20191012;2019-10-12;12;41;October;10;4;2019
20191013;2019-10-13;13;42;October;10;4;2019
20191014;2019-10-14;14;42;October;10;4;2019
20191015;2019-10-15;15;42;October;10;4;2019
20191016;2019-10-16;16;42;October;10;4;2019
20191017;2019-10-17;17;42;October;10;4;2019
20191018;2019-10-18;18;42;October;10;4;2019
20191019;2019-10-19;19;42;October;10;4;2019
20191020;2019-10-20;20;43;October;10;4;2019
20191021;2019-10-21;21;43;October;10;4;2019
20191022;2019-10-22;22;43;October;10;4;2019
20191023;2019-10-23;23;43;October;10;4;2019
20191024;2019-10-24;24;43;October;10;4;2019
20191025;2019-10-25;25;43;October;10;4;2019
20191026;2019-10-26;26;43;October;10;4;2019
20191027;2019-10-27;27;44;October;10;4;2019
20191028;2019-10-28;28;44;October;10;4;2019
20191029;2019-10-29;29;44;October;10;4;2019
20191030;2019-10-30;30;44;October;10;4;2019
20191031;2019-10-31;31;44;October;10;4;2019
20191101;2019-11-01;1;44;November;11;4;2019
20191102;2019-11-02;2;44;November;11;4;2019
20191103;2019-11-03;3;45;November;11;4;2019
20191104;2019-11-04;4;45;November;11;4;2019
20191105;2019-11-05;5;45;November;11;4;2019
20191106;2019-11-06;6;45;November;11;4;2019
20191107;2019-11-07;7;45;November;11;4;2019
20191108;2019-11-08;8;45;November;11;4;2019
20191109;2019-11-09;9;45;November;11;4;2019
20191110;2019-11-10;10;46;November;11;4;2019
20191111;2019-11-11;11;46;November;11;4;2019
20191112;2019-11-12;12;46;November;11;4;2019
20191113;2019-11-13;13;46;November;11;4;2019
20191114;2019-11-14;14;46;November;11;4;2019
20191115;2019-11-15;15;46;November;11;4;2019
20191116;2019-11-16;16;46;November;11;4;2019
20191117;2019-11-17;17;47;November;11;4;2019
20191118;2019-11-18;18;47;November;11;4;2019
20191119;2019-11-19;19;47;November;11;4;2019
20191120;2019-11-20;20;47;November;11;4;2019
20191121;2019-11-21;21;47;November;11;4;2019
20191122;2019-11-22;22;47;November;11;4;2019
20191123;2019-11-23;23;47;November;11;4;2019
20191124;2019-11-24;24;48;November;11;4;2019
20191125;2019-11-25;25;48;November;11;4;2019
20191126;2019-11-26;26;48;November;11;4;2019
20191127;2019-11-27;27;48;November;11;4;2019
20191128;2019-11-28;28;48;November;11;4;2019
20191129;2019-11-29;29;48;November;11;4;2019
20191130;2019-11-30;30;48;November;11;4;2019
20191201;2019-12-01;1;49;December;12;4;2019
20191202;2019-12-02;2;49;December;12;4;2019
20191203;2019-12-03;3;49;December;12;4;2019
20191204;2019-12-04;4;49;December;12;4;2019
20191205;2019-12-05;5;49;December;12;4;2019
20191206;2019-12-06;6;49;December;12;4;2019
20191207;2019-12-07;7;49;December;12;4;2019
20191208;2019-12-08;8;50;December;12;4;2019
20191209;2019-12-09;9;50;December;12;4;2019
20191210;2019-12-10;10;50;December;12;4;2019
20191211;2019-12-11;11;50;December;12;4;2019
20191212;2019-12-12;12;50;December;12;4;2019
20191213;2019-12-13;13;50;December;12;4;2019
20191214;2019-12-14;14;50;December;12;4;2019
20191215;2019-12-15;15;51;December;12;4;2019
20191216;2019-12-16;16;51;December;12;4;2019
20191217;2019-12-17;17;51;December;12;4;2019
20191218;2019-12-18;18;51;December;12;4;2019
20191219;2019-12-19;19;51;December;12;4;2019
20191220;2019-12-20;20;51;December;12;4;2019
20191221;2019-12-21;21;51;December;12;4;2019
20191222;2019-12-22;22;52;December;12;4;2019
20191223;2019-12-23;23;52;December;12;4;2019
20191224;2019-12-24;24;52;December;12;4;2019
20191225;2019-12-25;25;52;December;12;4;2019
20191226;2019-12-26;26;52;December;12;4;2019
20191227;2019-12-27;27;52;December;12;4;2019
20191228;2019-12-28;28;52;December;12;4;2019
20191229;2019-12-29;29;53;December;12;4;2019
20191230;2019-12-30;30;53;December;12;4;2019
20191231;2019-12-31;31;53;December;12;4;2019
20200101;2020-01-01;1;1;January;1;1;2020
20200102;2020-01-02;2;1;January;1;1;2020
20200103;2020-01-03;3;1;January;1;1;2020
20200104;2020-01-04;4;1;January;1;1;2020
20200105;2020-01-05;5;2;January;1;1;2020
20200106;2020-01-06;6;2;January;1;1;2020
20200107;2020-01-07;7;2;January;1;1;2020
20200108;2020-01-08;8;2;January;1;1;2020
20200109;2020-01-09;9;2;January;1;1;2020
20200110;2020-01-10;10;2;January;1;1;2020
20200111;2020-01-11;11;2;January;1;1;2020
20200112;2020-01-12;12;3;January;1;1;2020
20200113;2020-01-13;13;3;January;1;1;2020
20200114;2020-01-14;14;3;January;1;1;2020
20200115;2020-01-15;15;3;January;1;1;2020
20200116;2020-01-16;16;3;January;1;1;2020
20200117;2020-01-17;17;3;January;1;1;2020
20200118;2020-01-18;18;3;January;1;1;2020
20200119;2020-01-19;19;4;January;1;1;2020
20200120;2020-01-20;20;4;January;1;1;2020
20200121;2020-01-21;21;4;January;1;1;2020
20200122;2020-01-22;22;4;January;1;1;2020
20200123;2020-01-23;23;4;January;1;1;2020
20200124;2020-01-24;24;4;January;1;1;2020
20200125;2020-01-25;25;4;January;1;1;2020
20200126;2020-01-26;26;5;January;1;1;2020
20200127;2020-01-27;27;5;January;1;1;2020
20200128;2020-01-28;28;5;January;1;1;2020
20200129;2020-01-29;29;5;January;1;1;2020
20200130;2020-01-30;30;5;January;1;1;2020
20200131;2020-01-31;31;5;January;1;1;2020
20200201;2020-02-01;1;5;February;2;1;2020
20200202;2020-02-02;2;6;February;2;1;2020
20200203;2020-02-03;3;6;February;2;1;2020
20200204;2020-02-04;4;6;February;2;1;2020
20200205;2020-02-05;5;6;February;2;1;2020
20200206;2020-02-06;6;6;February;2;1;2020
20200207;2020-02-07;7;6;February;2;1;2020
20200208;2020-02-08;8;6;February;2;1;2020
20200209;2020-02-09;9;7;February;2;1;2020
20200210;2020-02-10;10;7;February;2;1;2020
20200211;2020-02-11;11;7;February;2;1;2020
20200212;2020-02-12;12;7;February;2;1;2020
20200213;2020-02-13;13;7;February;2;1;2020
20200214;2020-02-14;14;7;February;2;1;2020
20200215;2020-02-15;15;7;February;2;1;2020
20200216;2020-02-16;16;8;February;2;1;2020
20200217;2020-02-17;17;8;February;2;1;2020
20200218;2020-02-18;18;8;February;2;1;2020
20200219;2020-02-19;19;8;February;2;1;2020
20200220;2020-02-20;20;8;February;2;1;2020
20200221;2020-02-21;21;8;February;2;1;2020
20200222;2020-02-22;22;8;February;2;1;2020
20200223;2020-02-23;23;9;February;2;1;2020
20200224;2020-02-24;24;9;February;2;1;2020
20200225;2020-02-25;25;9;February;2;1;2020
20200226;2020-02-26;26;9;February;2;1;2020
20200227;2020-02-27;27;9;February;2;1;2020
20200228;2020-02-28;28;9;February;2;1;2020
20200229;2020-02-29;29;9;February;2;1;2020
20200301;2020-03-01;1;10;March;3;1;2020
20200302;2020-03-02;2;10;March;3;1;2020
20200303;2020-03-03;3;10;March;3;1;2020
20200304;2020-03-04;4;10;March;3;1;2020
20200305;2020-03-05;5;10;March;3;1;2020
20200306;2020-03-06;6;10;March;3;1;2020
20200307;2020-03-07;7;10;March;3;1;2020
20200308;2020-03-08;8;11;March;3;1;2020
20200309;2020-03-09;9;11;March;3;1;2020
20200310;2020-03-10;10;11;March;3;1;2020
20200311;2020-03-11;11;11;March;3;1;2020
20200312;2020-03-12;12;11;March;3;1;2020
20200313;2020-03-13;13;11;March;3;1;2020
20200314;2020-03-14;14;11;March;3;1;2020
20200315;2020-03-15;15;12;March;3;1;2020
20200316;2020-03-16;16;12;March;3;1;2020
20200317;2020-03-17;17;12;March;3;1;2020
20200318;2020-03-18;18;12;March;3;1;2020
20200319;2020-03-19;19;12;March;3;1;2020
20200320;2020-03-20;20;12;March;3;1;2020
20200321;2020-03-21;21;12;March;3;1;2020
20200322;2020-03-22;22;13;March;3;1;2020
20200323;2020-03-23;23;13;March;3;1;2020
20200324;2020-03-24;24;13;March;3;1;2020
20200325;2020-03-25;25;13;March;3;1;2020
20200326;2020-03-26;26;13;March;3;1;2020
20200327;2020-03-27;27;13;March;3;1;2020
20200328;2020-03-28;28;13;March;3;1;2020
20200329;2020-03-29;29;14;March;3;1;2020
20200330;2020-03-30;30;14;March;3;1;2020
20200331;2020-03-31;31;14;March;3;1;2020
20200401;2020-04-01;1;14;April;4;2;2020
20200402;2020-04-02;2;14;April;4;2;2020
20200403;2020-04-03;3;14;April;4;2;2020
20200404;2020-04-04;4;14;April;4;2;2020
20200405;2020-04-05;5;15;April;4;2;2020
20200406;2020-04-06;6;15;April;4;2;2020
20200407;2020-04-07;7;15;April;4;2;2020
20200408;2020-04-08;8;15;April;4;2;2020
20200409;2020-04-09;9;15;April;4;2;2020
20200410;2020-04-10;10;15;April;4;2;2020
20200411;2020-04-11;11;15;April;4;2;2020
20200412;2020-04-12;12;16;April;4;2;2020
20200413;2020-04-13;13;16;April;4;2;2020
20200414;2020-04-14;14;16;April;4;2;2020
20200415;2020-04-15;15;16;April;4;2;2020
20200416;2020-04-16;16;16;April;4;2;2020
20200417;2020-04-17;17;16;April;4;2;2020
20200418;2020-04-18;18;16;April;4;2;2020
20200419;2020-04-19;19;17;April;4;2;2020
20200420;2020-04-20;20;17;April;4;2;2020
20200421;2020-04-21;21;17;April;4;2;2020
20200422;2020-04-22;22;17;April;4;2;2020
20200423;2020-04-23;23;17;April;4;2;2020
20200424;2020-04-24;24;17;April;4;2;2020
20200425;2020-04-25;25;17;April;4;2;2020
20200426;2020-04-26;26;18;April;4;2;2020
20200427;2020-04-27;27;18;April;4;2;2020
20200428;2020-04-28;28;18;April;4;2;2020
20200429;2020-04-29;29;18;April;4;2;2020
20200430;2020-04-30;30;18;April;4;2;2020
20200501;2020-05-01;1;18;May;5;2;2020
20200502;2020-05-02;2;18;May;5;2;2020
20200503;2020-05-03;3;19;May;5;2;2020
20200504;2020-05-04;4;19;May;5;2;2020
20200505;2020-05-05;5;19;May;5;2;2020
20200506;2020-05-06;6;19;May;5;2;2020
20200507;2020-05-07;7;19;May;5;2;2020
20200508;2020-05-08;8;19;May;5;2;2020
20200509;2020-05-09;9;19;May;5;2;2020
20200510;2020-05-10;10;20;May;5;2;2020
20200511;2020-05-11;11;20;May;5;2;2020
20200512;2020-05-12;12;20;May;5;2;2020
20200513;2020-05-13;13;20;May;5;2;2020
20200514;2020-05-14;14;20;May;5;2;2020
20200515;2020-05-15;15;20;May;5;2;2020
20200516;2020-05-16;16;20;May;5;2;2020
20200517;2020-05-17;17;21;May;5;2;2020
20200518;2020-05-18;18;21;May;5;2;2020
20200519;2020-05-19;19;21;May;5;2;2020
20200520;2020-05-20;20;21;May;5;2;2020
20200521;2020-05-21;21;21;May;5;2;2020
20200522;2020-05-22;22;21;May;5;2;2020
20200523;2020-05-23;23;21;May;5;2;2020
20200524;2020-05-24;24;22;May;5;2;2020
20200525;2020-05-25;25;22;May;5;2;2020
20200526;2020-05-26;26;22;May;5;2;2020
20200527;2020-05-27;27;22;May;5;2;2020
20200528;2020-05-28;28;22;May;5;2;2020
20200529;2020-05-29;29;22;May;5;2;2020
20200530;2020-05-30;30;22;May;5;2;2020
20200531;2020-05-31;31;23;May;5;2;2020
20200601;2020-06-01;1;23;June;6;2;2020
20200602;2020-06-02;2;23;June;6;2;2020
20200603;2020-06-03;3;23;June;6;2;2020
20200604;2020-06-04;4;23;June;6;2;2020
20200605;2020-06-05;5;23;June;6;2;2020
20200606;2020-06-06;6;23;June;6;2;2020
20200607;2020-06-07;7;24;June;6;2;2020
20200608;2020-06-08;8;24;June;6;2;2020
20200609;2020-06-09;9;24;June;6;2;2020
20200610;2020-06-10;10;24;June;6;2;2020
20200611;2020-06-11;11;24;June;6;2;2020
20200612;2020-06-12;12;24;June;6;2;2020
20200613;2020-06-13;13;24;June;6;2;2020
20200614;2020-06-14;14;25;June;6;2;2020
20200615;2020-06-15;15;25;June;6;2;2020
20200616;2020-06-16;16;25;June;6;2;2020
20200617;2020-06-17;17;25;June;6;2;2020
20200618;2020-06-18;18;25;June;6;2;2020
20200619;2020-06-19;19;25;June;6;2;2020
20200620;2020-06-20;20;25;June;6;2;2020
20200621;2020-06-21;21;26;June;6;2;2020
20200622;2020-06-22;22;26;June;6;2;2020
20200623;2020-06-23;23;26;June;6;2;2020
20200624;2020-06-24;24;26;June;6;2;2020
20200625;2020-06-25;25;26;June;6;2;2020
20200626;2020-06-26;26;26;June;6;2;2020
20200627;2020-06-27;27;26;June;6;2;2020
20200628;2020-06-28;28;27;June;6;2;2020
20200629;2020-06-29;29;27;June;6;2;2020
20200630;2020-06-30;30;27;June;6;2;2020
20200701;2020-07-01;1;27;July;7;3;2020
20200702;2020-07-02;2;27;July;7;3;2020
20200703;2020-07-03;3;27;July;7;3;2020
20200704;2020-07-04;4;27;July;7;3;2020
20200705;2020-07-05;5;28;July;7;3;2020
20200706;2020-07-06;6;28;July;7;3;2020
20200707;2020-07-07;7;28;July;7;3;2020
20200708;2020-07-08;8;28;July;7;3;2020
20200709;2020-07-09;9;28;July;7;3;2020
20200710;2020-07-10;10;28;July;7;3;2020
20200711;2020-07-11;11;28;July;7;3;2020
20200712;2020-07-12;12;29;July;7;3;2020
20200713;2020-07-13;13;29;July;7;3;2020
20200714;2020-07-14;14;29;July;7;3;2020
20200715;2020-07-15;15;29;July;7;3;2020
20200716;2020-07-16;16;29;July;7;3;2020
20200717;2020-07-17;17;29;July;7;3;2020
20200718;2020-07-18;18;29;July;7;3;2020
20200719;2020-07-19;19;30;July;7;3;2020
20200720;2020-07-20;20;30;July;7;3;2020
20200721;2020-07-21;21;30;July;7;3;2020
20200722;2020-07-22;22;30;July;7;3;2020
20200723;2020-07-23;23;30;July;7;3;2020
20200724;2020-07-24;24;30;July;7;3;2020
20200725;2020-07-25;25;30;July;7;3;2020
20200726;2020-07-26;26;31;July;7;3;2020
20200727;2020-07-27;27;31;July;7;3;2020
20200728;2020-07-28;28;31;July;7;3;2020
20200729;2020-07-29;29;31;July;7;3;2020
20200730;2020-07-30;30;31;July;7;3;2020
20200731;2020-07-31;31;31;July;7;3;2020
20200801;2020-08-01;1;31;August;8;3;2020
20200802;2020-08-02;2;32;August;8;3;2020
20200803;2020-08-03;3;32;August;8;3;2020
20200804;2020-08-04;4;32;August;8;3;2020
20200805;2020-08-05;5;32;August;8;3;2020
20200806;2020-08-06;6;32;August;8;3;2020
20200807;2020-08-07;7;32;August;8;3;2020
20200808;2020-08-08;8;32;August;8;3;2020
20200809;2020-08-09;9;33;August;8;3;2020
20200810;2020-08-10;10;33;August;8;3;2020
20200811;2020-08-11;11;33;August;8;3;2020
20200812;2020-08-12;12;33;August;8;3;2020
20200813;2020-08-13;13;33;August;8;3;2020
20200814;2020-08-14;14;33;August;8;3;2020
20200815;2020-08-15;15;33;August;8;3;2020
20200816;2020-08-16;16;34;August;8;3;2020
20200817;2020-08-17;17;34;August;8;3;2020
20200818;2020-08-18;18;34;August;8;3;2020
20200819;2020-08-19;19;34;August;8;3;2020
20200820;2020-08-20;20;34;August;8;3;2020
20200821;2020-08-21;21;34;August;8;3;2020
20200822;2020-08-22;22;34;August;8;3;2020
20200823;2020-08-23;23;35;August;8;3;2020
20200824;2020-08-24;24;35;August;8;3;2020
20200825;2020-08-25;25;35;August;8;3;2020
20200826;2020-08-26;26;35;August;8;3;2020
20200827;2020-08-27;27;35;August;8;3;2020
20200828;2020-08-28;28;35;August;8;3;2020
20200829;2020-08-29;29;35;August;8;3;2020
20200830;2020-08-30;30;36;August;8;3;2020
20200831;2020-08-31;31;36;August;8;3;2020
20200901;2020-09-01;1;36;September;9;3;2020
20200902;2020-09-02;2;36;September;9;3;2020
20200903;2020-09-03;3;36;September;9;3;2020
20200904;2020-09-04;4;36;September;9;3;2020
20200905;2020-09-05;5;36;September;9;3;2020
20200906;2020-09-06;6;37;September;9;3;2020
20200907;2020-09-07;7;37;September;9;3;2020
20200908;2020-09-08;8;37;September;9;3;2020
20200909;2020-09-09;9;37;September;9;3;2020
20200910;2020-09-10;10;37;September;9;3;2020
20200911;2020-09-11;11;37;September;9;3;2020
20200912;2020-09-12;12;37;September;9;3;2020
20200913;2020-09-13;13;38;September;9;3;2020
20200914;2020-09-14;14;38;September;9;3;2020
20200915;2020-09-15;15;38;September;9;3;2020
20200916;2020-09-16;16;38;September;9;3;2020
20200917;2020-09-17;17;38;September;9;3;2020
20200918;2020-09-18;18;38;September;9;3;2020
20200919;2020-09-19;19;38;September;9;3;2020
20200920;2020-09-20;20;39;September;9;3;2020
20200921;2020-09-21;21;39;September;9;3;2020
20200922;2020-09-22;22;39;September;9;3;2020
20200923;2020-09-23;23;39;September;9;3;2020
20200924;2020-09-24;24;39;September;9;3;2020
20200925;2020-09-25;25;39;September;9;3;2020
20200926;2020-09-26;26;39;September;9;3;2020
20200927;2020-09-27;27;40;September;9;3;2020
20200928;2020-09-28;28;40;September;9;3;2020
20200929;2020-09-29;29;40;September;9;3;2020
20200930;2020-09-30;30;40;September;9;3;2020
20201001;2020-10-01;1;40;October;10;4;2020
20201002;2020-10-02;2;40;October;10;4;2020
20201003;2020-10-03;3;40;October;10;4;2020
20201004;2020-10-04;4;41;October;10;4;2020
20201005;2020-10-05;5;41;October;10;4;2020
20201006;2020-10-06;6;41;October;10;4;2020
20201007;2020-10-07;7;41;October;10;4;2020
20201008;2020-10-08;8;41;October;10;4;2020
20201009;2020-10-09;9;41;October;10;4;2020
20201010;2020-10-10;10;41;October;10;4;2020
20201011;2020-10-11;11;42;October;10;4;2020
20201012;2020-10-12;12;42;October;10;4;2020
20201013;2020-10-13;13;42;October;10;4;2020
20201014;2020-10-14;14;42;October;10;4;2020
20201015;2020-10-15;15;42;October;10;4;2020
20201016;2020-10-16;16;42;October;10;4;2020
20201017;2020-10-17;17;42;October;10;4;2020
20201018;2020-10-18;18;43;October;10;4;2020
20201019;2020-10-19;19;43;October;10;4;2020
20201020;2020-10-20;20;43;October;10;4;2020
20201021;2020-10-21;21;43;October;10;4;2020
20201022;2020-10-22;22;43;October;10;4;2020
20201023;2020-10-23;23;43;October;10;4;2020
20201024;2020-10-24;24;43;October;10;4;2020
20201025;2020-10-25;25;44;October;10;4;2020
20201026;2020-10-26;26;44;October;10;4;2020
20201027;2020-10-27;27;44;October;10;4;2020
20201028;2020-10-28;28;44;October;10;4;2020
20201029;2020-10-29;29;44;October;10;4;2020
20201030;2020-10-30;30;44;October;10;4;2020
20201031;2020-10-31;31;44;October;10;4;2020
20201101;2020-11-01;1;45;November;11;4;2020
20201102;2020-11-02;2;45;November;11;4;2020
20201103;2020-11-03;3;45;November;11;4;2020
20201104;2020-11-04;4;45;November;11;4;2020
20201105;2020-11-05;5;45;November;11;4;2020
20201106;2020-11-06;6;45;November;11;4;2020
20201107;2020-11-07;7;45;November;11;4;2020
20201108;2020-11-08;8;46;November;11;4;2020
20201109;2020-11-09;9;46;November;11;4;2020
20201110;2020-11-10;10;46;November;11;4;2020
20201111;2020-11-11;11;46;November;11;4;2020
20201112;2020-11-12;12;46;November;11;4;2020
20201113;2020-11-13;13;46;November;11;4;2020
20201114;2020-11-14;14;46;November;11;4;2020
20201115;2020-11-15;15;47;November;11;4;2020
20201116;2020-11-16;16;47;November;11;4;2020
20201117;2020-11-17;17;47;November;11;4;2020
20201118;2020-11-18;18;47;November;11;4;2020
20201119;2020-11-19;19;47;November;11;4;2020
20201120;2020-11-20;20;47;November;11;4;2020
20201121;2020-11-21;21;47;November;11;4;2020
20201122;2020-11-22;22;48;November;11;4;2020
20201123;2020-11-23;23;48;November;11;4;2020
20201124;2020-11-24;24;48;November;11;4;2020
20201125;2020-11-25;25;48;November;11;4;2020
20201126;2020-11-26;26;48;November;11;4;2020
20201127;2020-11-27;27;48;November;11;4;2020
20201128;2020-11-28;28;48;November;11;4;2020
20201129;2020-11-29;29;49;November;11;4;2020
20201130;2020-11-30;30;49;November;11;4;2020
20201201;2020-12-01;1;49;December;12;4;2020
20201202;2020-12-02;2;49;December;12;4;2020
20201203;2020-12-03;3;49;December;12;4;2020
20201204;2020-12-04;4;49;December;12;4;2020
20201205;2020-12-05;5;49;December;12;4;2020
20201206;2020-12-06;6;50;December;12;4;2020
20201207;2020-12-07;7;50;December;12;4;2020
20201208;2020-12-08;8;50;December;12;4;2020
20201209;2020-12-09;9;50;December;12;4;2020
20201210;2020-12-10;10;50;December;12;4;2020
20201211;2020-12-11;11;50;December;12;4;2020
20201212;2020-12-12;12;50;December;12;4;2020
20201213;2020-12-13;13;51;December;12;4;2020
20201214;2020-12-14;14;51;December;12;4;2020
20201215;2020-12-15;15;51;December;12;4;2020
20201216;2020-12-16;16;51;December;12;4;2020
20201217;2020-12-17;17;51;December;12;4;2020
20201218;2020-12-18;18;51;December;12;4;2020
20201219;2020-12-19;19;51;December;12;4;2020
20201220;2020-12-20;20;52;December;12;4;2020
20201221;2020-12-21;21;52;December;12;4;2020
20201222;2020-12-22;22;52;December;12;4;2020
20201223;2020-12-23;23;52;December;12;4;2020
20201224;2020-12-24;24;52;December;12;4;2020
20201225;2020-12-25;25;52;December;12;4;2020
20201226;2020-12-26;26;52;December;12;4;2020
20201227;2020-12-27;27;53;December;12;4;2020
20201228;2020-12-28;28;53;December;12;4;2020
20201229;2020-12-29;29;53;December;12;4;2020
20201230;2020-12-30;30;53;December;12;4;2020
20201231;2020-12-31;31;53;December;12;4;2020
20210101;2021-01-01;1;1;January;1;1;2021
20210102;2021-01-02;2;1;January;1;1;2021
20210103;2021-01-03;3;2;January;1;1;2021
20210104;2021-01-04;4;2;January;1;1;2021
20210105;2021-01-05;5;2;January;1;1;2021
20210106;2021-01-06;6;2;January;1;1;2021
20210107;2021-01-07;7;2;January;1;1;2021
20210108;2021-01-08;8;2;January;1;1;2021
20210109;2021-01-09;9;2;January;1;1;2021
20210110;2021-01-10;10;3;January;1;1;2021
20210111;2021-01-11;11;3;January;1;1;2021
20210112;2021-01-12;12;3;January;1;1;2021
20210113;2021-01-13;13;3;January;1;1;2021
20210114;2021-01-14;14;3;January;1;1;2021
20210115;2021-01-15;15;3;January;1;1;2021
20210116;2021-01-16;16;3;January;1;1;2021
20210117;2021-01-17;17;4;January;1;1;2021
20210118;2021-01-18;18;4;January;1;1;2021
20210119;2021-01-19;19;4;January;1;1;2021
20210120;2021-01-20;20;4;January;1;1;2021
20210121;2021-01-21;21;4;January;1;1;2021
20210122;2021-01-22;22;4;January;1;1;2021
20210123;2021-01-23;23;4;January;1;1;2021
20210124;2021-01-24;24;5;January;1;1;2021
20210125;2021-01-25;25;5;January;1;1;2021
20210126;2021-01-26;26;5;January;1;1;2021
20210127;2021-01-27;27;5;January;1;1;2021
20210128;2021-01-28;28;5;January;1;1;2021
20210129;2021-01-29;29;5;January;1;1;2021
20210130;2021-01-30;30;5;January;1;1;2021
20210131;2021-01-31;31;6;January;1;1;2021
20210201;2021-02-01;1;6;February;2;1;2021
20210202;2021-02-02;2;6;February;2;1;2021
20210203;2021-02-03;3;6;February;2;1;2021
20210204;2021-02-04;4;6;February;2;1;2021
20210205;2021-02-05;5;6;February;2;1;2021
20210206;2021-02-06;6;6;February;2;1;2021
20210207;2021-02-07;7;7;February;2;1;2021
20210208;2021-02-08;8;7;February;2;1;2021
20210209;2021-02-09;9;7;February;2;1;2021
20210210;2021-02-10;10;7;February;2;1;2021
20210211;2021-02-11;11;7;February;2;1;2021
20210212;2021-02-12;12;7;February;2;1;2021
20210213;2021-02-13;13;7;February;2;1;2021
20210214;2021-02-14;14;8;February;2;1;2021
20210215;2021-02-15;15;8;February;2;1;2021
20210216;2021-02-16;16;8;February;2;1;2021
20210217;2021-02-17;17;8;February;2;1;2021
20210218;2021-02-18;18;8;February;2;1;2021
20210219;2021-02-19;19;8;February;2;1;2021
20210220;2021-02-20;20;8;February;2;1;2021
20210221;2021-02-21;21;9;February;2;1;2021
20210222;2021-02-22;22;9;February;2;1;2021
20210223;2021-02-23;23;9;February;2;1;2021
20210224;2021-02-24;24;9;February;2;1;2021
20210225;2021-02-25;25;9;February;2;1;2021
20210226;2021-02-26;26;9;February;2;1;2021
20210227;2021-02-27;27;9;February;2;1;2021
20210228;2021-02-28;28;10;February;2;1;2021
20210301;2021-03-01;1;10;March;3;1;2021
20210302;2021-03-02;2;10;March;3;1;2021
20210303;2021-03-03;3;10;March;3;1;2021
20210304;2021-03-04;4;10;March;3;1;2021
20210305;2021-03-05;5;10;March;3;1;2021
20210306;2021-03-06;6;10;March;3;1;2021
20210307;2021-03-07;7;11;March;3;1;2021
20210308;2021-03-08;8;11;March;3;1;2021
20210309;2021-03-09;9;11;March;3;1;2021
20210310;2021-03-10;10;11;March;3;1;2021
20210311;2021-03-11;11;11;March;3;1;2021
20210312;2021-03-12;12;11;March;3;1;2021
20210313;2021-03-13;13;11;March;3;1;2021
20210314;2021-03-14;14;12;March;3;1;2021
20210315;2021-03-15;15;12;March;3;1;2021
20210316;2021-03-16;16;12;March;3;1;2021
20210317;2021-03-17;17;12;March;3;1;2021
20210318;2021-03-18;18;12;March;3;1;2021
20210319;2021-03-19;19;12;March;3;1;2021
20210320;2021-03-20;20;12;March;3;1;2021
20210321;2021-03-21;21;13;March;3;1;2021
20210322;2021-03-22;22;13;March;3;1;2021
20210323;2021-03-23;23;13;March;3;1;2021
20210324;2021-03-24;24;13;March;3;1;2021
20210325;2021-03-25;25;13;March;3;1;2021
20210326;2021-03-26;26;13;March;3;1;2021
20210327;2021-03-27;27;13;March;3;1;2021
20210328;2021-03-28;28;14;March;3;1;2021
20210329;2021-03-29;29;14;March;3;1;2021
20210330;2021-03-30;30;14;March;3;1;2021
20210331;2021-03-31;31;14;March;3;1;2021
20210401;2021-04-01;1;14;April;4;2;2021
20210402;2021-04-02;2;14;April;4;2;2021
20210403;2021-04-03;3;14;April;4;2;2021
20210404;2021-04-04;4;15;April;4;2;2021
20210405;2021-04-05;5;15;April;4;2;2021
20210406;2021-04-06;6;15;April;4;2;2021
20210407;2021-04-07;7;15;April;4;2;2021
20210408;2021-04-08;8;15;April;4;2;2021
20210409;2021-04-09;9;15;April;4;2;2021
20210410;2021-04-10;10;15;April;4;2;2021
20210411;2021-04-11;11;16;April;4;2;2021
20210412;2021-04-12;12;16;April;4;2;2021
20210413;2021-04-13;13;16;April;4;2;2021
20210414;2021-04-14;14;16;April;4;2;2021
20210415;2021-04-15;15;16;April;4;2;2021
20210416;2021-04-16;16;16;April;4;2;2021
20210417;2021-04-17;17;16;April;4;2;2021
20210418;2021-04-18;18;17;April;4;2;2021
20210419;2021-04-19;19;17;April;4;2;2021
20210420;2021-04-20;20;17;April;4;2;2021
20210421;2021-04-21;21;17;April;4;2;2021
20210422;2021-04-22;22;17;April;4;2;2021
20210423;2021-04-23;23;17;April;4;2;2021
20210424;2021-04-24;24;17;April;4;2;2021
20210425;2021-04-25;25;18;April;4;2;2021
20210426;2021-04-26;26;18;April;4;2;2021
20210427;2021-04-27;27;18;April;4;2;2021
20210428;2021-04-28;28;18;April;4;2;2021
20210429;2021-04-29;29;18;April;4;2;2021
20210430;2021-04-30;30;18;April;4;2;2021
20210501;2021-05-01;1;18;May;5;2;2021
20210502;2021-05-02;2;19;May;5;2;2021
20210503;2021-05-03;3;19;May;5;2;2021
20210504;2021-05-04;4;19;May;5;2;2021
20210505;2021-05-05;5;19;May;5;2;2021
20210506;2021-05-06;6;19;May;5;2;2021
20210507;2021-05-07;7;19;May;5;2;2021
20210508;2021-05-08;8;19;May;5;2;2021
20210509;2021-05-09;9;20;May;5;2;2021
20210510;2021-05-10;10;20;May;5;2;2021
20210511;2021-05-11;11;20;May;5;2;2021
20210512;2021-05-12;12;20;May;5;2;2021
20210513;2021-05-13;13;20;May;5;2;2021
20210514;2021-05-14;14;20;May;5;2;2021
20210515;2021-05-15;15;20;May;5;2;2021
20210516;2021-05-16;16;21;May;5;2;2021
20210517;2021-05-17;17;21;May;5;2;2021
20210518;2021-05-18;18;21;May;5;2;2021
20210519;2021-05-19;19;21;May;5;2;2021
20210520;2021-05-20;20;21;May;5;2;2021
20210521;2021-05-21;21;21;May;5;2;2021
20210522;2021-05-22;22;21;May;5;2;2021
20210523;2021-05-23;23;22;May;5;2;2021
20210524;2021-05-24;24;22;May;5;2;2021
20210525;2021-05-25;25;22;May;5;2;2021
20210526;2021-05-26;26;22;May;5;2;2021
20210527;2021-05-27;27;22;May;5;2;2021
20210528;2021-05-28;28;22;May;5;2;2021
20210529;2021-05-29;29;22;May;5;2;2021
20210530;2021-05-30;30;23;May;5;2;2021
20210531;2021-05-31;31;23;May;5;2;2021
20210601;2021-06-01;1;23;June;6;2;2021
20210602;2021-06-02;2;23;June;6;2;2021
20210603;2021-06-03;3;23;June;6;2;2021
20210604;2021-06-04;4;23;June;6;2;2021
20210605;2021-06-05;5;23;June;6;2;2021
20210606;2021-06-06;6;24;June;6;2;2021
20210607;2021-06-07;7;24;June;6;2;2021
20210608;2021-06-08;8;24;June;6;2;2021
20210609;2021-06-09;9;24;June;6;2;2021
20210610;2021-06-10;10;24;June;6;2;2021
20210611;2021-06-11;11;24;June;6;2;2021
20210612;2021-06-12;12;24;June;6;2;2021
20210613;2021-06-13;13;25;June;6;2;2021
20210614;2021-06-14;14;25;June;6;2;2021
20210615;2021-06-15;15;25;June;6;2;2021
20210616;2021-06-16;16;25;June;6;2;2021
20210617;2021-06-17;17;25;June;6;2;2021
20210618;2021-06-18;18;25;June;6;2;2021
20210619;2021-06-19;19;25;June;6;2;2021
20210620;2021-06-20;20;26;June;6;2;2021
20210621;2021-06-21;21;26;June;6;2;2021
20210622;2021-06-22;22;26;June;6;2;2021
20210623;2021-06-23;23;26;June;6;2;2021
20210624;2021-06-24;24;26;June;6;2;2021
20210625;2021-06-25;25;26;June;6;2;2021
20210626;2021-06-26;26;26;June;6;2;2021
20210627;2021-06-27;27;27;June;6;2;2021
20210628;2021-06-28;28;27;June;6;2;2021
20210629;2021-06-29;29;27;June;6;2;2021
20210630;2021-06-30;30;27;June;6;2;2021
20210701;2021-07-01;1;27;July;7;3;2021
20210702;2021-07-02;2;27;July;7;3;2021
20210703;2021-07-03;3;27;July;7;3;2021
20210704;2021-07-04;4;28;July;7;3;2021
20210705;2021-07-05;5;28;July;7;3;2021
20210706;2021-07-06;6;28;July;7;3;2021
20210707;2021-07-07;7;28;July;7;3;2021
20210708;2021-07-08;8;28;July;7;3;2021
20210709;2021-07-09;9;28;July;7;3;2021
20210710;2021-07-10;10;28;July;7;3;2021
20210711;2021-07-11;11;29;July;7;3;2021
20210712;2021-07-12;12;29;July;7;3;2021
20210713;2021-07-13;13;29;July;7;3;2021
20210714;2021-07-14;14;29;July;7;3;2021
20210715;2021-07-15;15;29;July;7;3;2021
20210716;2021-07-16;16;29;July;7;3;2021
20210717;2021-07-17;17;29;July;7;3;2021
20210718;2021-07-18;18;30;July;7;3;2021
20210719;2021-07-19;19;30;July;7;3;2021
20210720;2021-07-20;20;30;July;7;3;2021
20210721;2021-07-21;21;30;July;7;3;2021
20210722;2021-07-22;22;30;July;7;3;2021
20210723;2021-07-23;23;30;July;7;3;2021
20210724;2021-07-24;24;30;July;7;3;2021
20210725;2021-07-25;25;31;July;7;3;2021
20210726;2021-07-26;26;31;July;7;3;2021
20210727;2021-07-27;27;31;July;7;3;2021
20210728;2021-07-28;28;31;July;7;3;2021
20210729;2021-07-29;29;31;July;7;3;2021
20210730;2021-07-30;30;31;July;7;3;2021
20210731;2021-07-31;31;31;July;7;3;2021
20210801;2021-08-01;1;32;August;8;3;2021
20210802;2021-08-02;2;32;August;8;3;2021
20210803;2021-08-03;3;32;August;8;3;2021
20210804;2021-08-04;4;32;August;8;3;2021
20210805;2021-08-05;5;32;August;8;3;2021
20210806;2021-08-06;6;32;August;8;3;2021
20210807;2021-08-07;7;32;August;8;3;2021
20210808;2021-08-08;8;33;August;8;3;2021
20210809;2021-08-09;9;33;August;8;3;2021
20210810;2021-08-10;10;33;August;8;3;2021
20210811;2021-08-11;11;33;August;8;3;2021
20210812;2021-08-12;12;33;August;8;3;2021
20210813;2021-08-13;13;33;August;8;3;2021
20210814;2021-08-14;14;33;August;8;3;2021
20210815;2021-08-15;15;34;August;8;3;2021
20210816;2021-08-16;16;34;August;8;3;2021
20210817;2021-08-17;17;34;August;8;3;2021
20210818;2021-08-18;18;34;August;8;3;2021
20210819;2021-08-19;19;34;August;8;3;2021
20210820;2021-08-20;20;34;August;8;3;2021
20210821;2021-08-21;21;34;August;8;3;2021
20210822;2021-08-22;22;35;August;8;3;2021
20210823;2021-08-23;23;35;August;8;3;2021
20210824;2021-08-24;24;35;August;8;3;2021
20210825;2021-08-25;25;35;August;8;3;2021
20210826;2021-08-26;26;35;August;8;3;2021
20210827;2021-08-27;27;35;August;8;3;2021
20210828;2021-08-28;28;35;August;8;3;2021
20210829;2021-08-29;29;36;August;8;3;2021
20210830;2021-08-30;30;36;August;8;3;2021
20210831;2021-08-31;31;36;August;8;3;2021
20210901;2021-09-01;1;36;September;9;3;2021
20210902;2021-09-02;2;36;September;9;3;2021
20210903;2021-09-03;3;36;September;9;3;2021
20210904;2021-09-04;4;36;September;9;3;2021
20210905;2021-09-05;5;37;September;9;3;2021
20210906;2021-09-06;6;37;September;9;3;2021
20210907;2021-09-07;7;37;September;9;3;2021
20210908;2021-09-08;8;37;September;9;3;2021
20210909;2021-09-09;9;37;September;9;3;2021
20210910;2021-09-10;10;37;September;9;3;2021
20210911;2021-09-11;11;37;September;9;3;2021
20210912;2021-09-12;12;38;September;9;3;2021
20210913;2021-09-13;13;38;September;9;3;2021
20210914;2021-09-14;14;38;September;9;3;2021
20210915;2021-09-15;15;38;September;9;3;2021
20210916;2021-09-16;16;38;September;9;3;2021
20210917;2021-09-17;17;38;September;9;3;2021
20210918;2021-09-18;18;38;September;9;3;2021
20210919;2021-09-19;19;39;September;9;3;2021
20210920;2021-09-20;20;39;September;9;3;2021
20210921;2021-09-21;21;39;September;9;3;2021
20210922;2021-09-22;22;39;September;9;3;2021
20210923;2021-09-23;23;39;September;9;3;2021
20210924;2021-09-24;24;39;September;9;3;2021
20210925;2021-09-25;25;39;September;9;3;2021
20210926;2021-09-26;26;40;September;9;3;2021
20210927;2021-09-27;27;40;September;9;3;2021
20210928;2021-09-28;28;40;September;9;3;2021
20210929;2021-09-29;29;40;September;9;3;2021
20210930;2021-09-30;30;40;September;9;3;2021
20211001;2021-10-01;1;40;October;10;4;2021
20211002;2021-10-02;2;40;October;10;4;2021
20211003;2021-10-03;3;41;October;10;4;2021
20211004;2021-10-04;4;41;October;10;4;2021
20211005;2021-10-05;5;41;October;10;4;2021
20211006;2021-10-06;6;41;October;10;4;2021
20211007;2021-10-07;7;41;October;10;4;2021
20211008;2021-10-08;8;41;October;10;4;2021
20211009;2021-10-09;9;41;October;10;4;2021
20211010;2021-10-10;10;42;October;10;4;2021
20211011;2021-10-11;11;42;October;10;4;2021
20211012;2021-10-12;12;42;October;10;4;2021
20211013;2021-10-13;13;42;October;10;4;2021
20211014;2021-10-14;14;42;October;10;4;2021
20211015;2021-10-15;15;42;October;10;4;2021
20211016;2021-10-16;16;42;October;10;4;2021
20211017;2021-10-17;17;43;October;10;4;2021
20211018;2021-10-18;18;43;October;10;4;2021
20211019;2021-10-19;19;43;October;10;4;2021
20211020;2021-10-20;20;43;October;10;4;2021
20211021;2021-10-21;21;43;October;10;4;2021
20211022;2021-10-22;22;43;October;10;4;2021
20211023;2021-10-23;23;43;October;10;4;2021
20211024;2021-10-24;24;44;October;10;4;2021
20211025;2021-10-25;25;44;October;10;4;2021
20211026;2021-10-26;26;44;October;10;4;2021
20211027;2021-10-27;27;44;October;10;4;2021
20211028;2021-10-28;28;44;October;10;4;2021
20211029;2021-10-29;29;44;October;10;4;2021
20211030;2021-10-30;30;44;October;10;4;2021
20211031;2021-10-31;31;45;October;10;4;2021
20211101;2021-11-01;1;45;November;11;4;2021
20211102;2021-11-02;2;45;November;11;4;2021
20211103;2021-11-03;3;45;November;11;4;2021
20211104;2021-11-04;4;45;November;11;4;2021
20211105;2021-11-05;5;45;November;11;4;2021
20211106;2021-11-06;6;45;November;11;4;2021
20211107;2021-11-07;7;46;November;11;4;2021
20211108;2021-11-08;8;46;November;11;4;2021
20211109;2021-11-09;9;46;November;11;4;2021
20211110;2021-11-10;10;46;November;11;4;2021
20211111;2021-11-11;11;46;November;11;4;2021
20211112;2021-11-12;12;46;November;11;4;2021
20211113;2021-11-13;13;46;November;11;4;2021
20211114;2021-11-14;14;47;November;11;4;2021
20211115;2021-11-15;15;47;November;11;4;2021
20211116;2021-11-16;16;47;November;11;4;2021
20211117;2021-11-17;17;47;November;11;4;2021
20211118;2021-11-18;18;47;November;11;4;2021
20211119;2021-11-19;19;47;November;11;4;2021
20211120;2021-11-20;20;47;November;11;4;2021
20211121;2021-11-21;21;48;November;11;4;2021
20211122;2021-11-22;22;48;November;11;4;2021
20211123;2021-11-23;23;48;November;11;4;2021
20211124;2021-11-24;24;48;November;11;4;2021
20211125;2021-11-25;25;48;November;11;4;2021
20211126;2021-11-26;26;48;November;11;4;2021
20211127;2021-11-27;27;48;November;11;4;2021
20211128;2021-11-28;28;49;November;11;4;2021
20211129;2021-11-29;29;49;November;11;4;2021
20211130;2021-11-30;30;49;November;11;4;2021
20211201;2021-12-01;1;49;December;12;4;2021
20211202;2021-12-02;2;49;December;12;4;2021
20211203;2021-12-03;3;49;December;12;4;2021
20211204;2021-12-04;4;49;December;12;4;2021
20211205;2021-12-05;5;50;December;12;4;2021
20211206;2021-12-06;6;50;December;12;4;2021
20211207;2021-12-07;7;50;December;12;4;2021
20211208;2021-12-08;8;50;December;12;4;2021
20211209;2021-12-09;9;50;December;12;4;2021
20211210;2021-12-10;10;50;December;12;4;2021
20211211;2021-12-11;11;50;December;12;4;2021
20211212;2021-12-12;12;51;December;12;4;2021
20211213;2021-12-13;13;51;December;12;4;2021
20211214;2021-12-14;14;51;December;12;4;2021
20211215;2021-12-15;15;51;December;12;4;2021
20211216;2021-12-16;16;51;December;12;4;2021
20211217;2021-12-17;17;51;December;12;4;2021
20211218;2021-12-18;18;51;December;12;4;2021
20211219;2021-12-19;19;52;December;12;4;2021
20211220;2021-12-20;20;52;December;12;4;2021
20211221;2021-12-21;21;52;December;12;4;2021
20211222;2021-12-22;22;52;December;12;4;2021
20211223;2021-12-23;23;52;December;12;4;2021
20211224;2021-12-24;24;52;December;12;4;2021
20211225;2021-12-25;25;52;December;12;4;2021
20211226;2021-12-26;26;53;December;12;4;2021
20211227;2021-12-27;27;53;December;12;4;2021
20211228;2021-12-28;28;53;December;12;4;2021
20211229;2021-12-29;29;53;December;12;4;2021
20211230;2021-12-30;30;53;December;12;4;2021
20211231;2021-12-31;31;53;December;12;4;2021
